body,timestamp,messageMedia,masked_groupId,masked_userId,masked_messageId,maskedMessageReply,maskedReactions
,1749408100000.0,{'mimeType': 'image/webp'},bfbc1d5f03b99fdac09ff7299bf53d3d,935ffd57a5f80e2e5592f70c39f5843e,8ba86d96d9f5d62a6b399a50a7da7ac8,['a302de6c05fd87bbe147599516e447a6'],
בוקר טוב לכולם,1751519346000.0,,ae3c8f84b149fd836c9382a8caec1c11,935ffd57a5f80e2e5592f70c39f5843e,7c1b88690eb385b401848fc701b71d59,,"[{'reaction': '🙏', 'maskedReactingUserId': 'ce94796b24bfa99faefc05ff9e08e8ac'}]"
בתאבון,1751520529000.0,,ae3c8f84b149fd836c9382a8caec1c11,935ffd57a5f80e2e5592f70c39f5843e,a9f2b74f3414bdaeef15083e6c27b337,,"[{'reaction': '🙏', 'maskedReactingUserId': '5fcf53771e4794c1278db341ff8d0e3f'}]"
בתאבון לבריאות,1751543286000.0,,ae3c8f84b149fd836c9382a8caec1c11,935ffd57a5f80e2e5592f70c39f5843e,683bd1127c94ec7788d25b4e70e17bad,,"[{'reaction': '❤️', 'maskedReactingUserId': '82e34ba6e52ed6fe2e13ce2ee8b804fd'}]"
זה רוטב לפיצה 🤨,1751547847000.0,,ae3c8f84b149fd836c9382a8caec1c11,935ffd57a5f80e2e5592f70c39f5843e,1306b6cb3d019949afa194ecf9ab7e30,['93a414565b43daf8c1e3206af916a83b'],
והכי טעים 😋,1751547933000.0,,ae3c8f84b149fd836c9382a8caec1c11,935ffd57a5f80e2e5592f70c39f5843e,04303a0fb3de6e0937e8582291822762,['55feeadbaf8db42134d65742bbbcce7f'],
🤫,1751557456000.0,,ae3c8f84b149fd836c9382a8caec1c11,935ffd57a5f80e2e5592f70c39f5843e,e86ca3224a5da84d57def5d05936d94f,,
🤣🤣🤣,1751780310000.0,,ae3c8f84b149fd836c9382a8caec1c11,935ffd57a5f80e2e5592f70c39f5843e,591b58b74cfb80fd99960330259a1e2c,,"[{'reaction': '😂', 'maskedReactingUserId': '82e34ba6e52ed6fe2e13ce2ee8b804fd'}]"
למי כבר הצעת😳,1751864063000.0,,ae3c8f84b149fd836c9382a8caec1c11,935ffd57a5f80e2e5592f70c39f5843e,46527756165a0fc1f7c3a46196ef011b,,"[{'reaction': '😂', 'maskedReactingUserId': 'be25bf4bedaae1fb661401fe5f540452'}]"
בלי לישון 🥺,1751877349000.0,,ae3c8f84b149fd836c9382a8caec1c11,935ffd57a5f80e2e5592f70c39f5843e,297da848df4bbb7c067528240bba500f,,
יש לך יום הולדת היום?,1751896416000.0,,ae3c8f84b149fd836c9382a8caec1c11,935ffd57a5f80e2e5592f70c39f5843e,c748b6aa705a9856253707e06f5ba8ff,,
איפה זה נמצא בארץ,1751896435000.0,,ae3c8f84b149fd836c9382a8caec1c11,935ffd57a5f80e2e5592f70c39f5843e,01c7d8bf6016d4c3832bf14c656f18ef,['db7995ba8a017f6f2a4a56c754934dd9'],
חברים וחברות יקרים המנהלת שלנו ניקול יש יום הולדת נא לברך אותה בבקשה ולא לשכוח לשלוח לפרחים לבית וגם מתנות אם אפשר😊,1751896475000.0,,ae3c8f84b149fd836c9382a8caec1c11,935ffd57a5f80e2e5592f70c39f5843e,6df939513dfdc509b37dd48f94820404,['e051f2fdb86bb8616398141556d27dd9'],"[{'reaction': '👑', 'maskedReactingUserId': 'be25bf4bedaae1fb661401fe5f540452'}, {'reaction': '❤️', 'maskedReactingUserId': '32c643a1ee91a8d62e84653dbf6a2270'}]"
טוב שהיא לא ביקשה לשפץ את הפנים ואז לא תיזה אותה,1751904606000.0,,ae3c8f84b149fd836c9382a8caec1c11,935ffd57a5f80e2e5592f70c39f5843e,13c9276b87b7f4daeb60f82e116ccf16,,"[{'reaction': '😂', 'maskedReactingUserId': '82e34ba6e52ed6fe2e13ce2ee8b804fd'}]"
מזל טוב ליום הולדתך בראיות אושר ושמחה בלב 🥰,1751905511000.0,,ae3c8f84b149fd836c9382a8caec1c11,935ffd57a5f80e2e5592f70c39f5843e,287a90511a098b42a83201f6672f46e0,['cf61776494dbe063493ba29a1a355e68'],
למה חד פעמי 🤦🏽‍♀️,1751916555000.0,,ae3c8f84b149fd836c9382a8caec1c11,935ffd57a5f80e2e5592f70c39f5843e,0bc073eb62ee1b98f2f935cbb08ab7e6,,
מזל טוב למקס,1751973171000.0,,ae3c8f84b149fd836c9382a8caec1c11,935ffd57a5f80e2e5592f70c39f5843e,2cb7ba28b03ee212db0879116d3f1767,['f5552d28bcbfd45be0bb88099621fcb3'],
😡 מעתיק,1751973228000.0,,ae3c8f84b149fd836c9382a8caec1c11,935ffd57a5f80e2e5592f70c39f5843e,7c3788f3cb26ee3626e19f25960600ec,,
אמממ לא צחקתי,1752001124000.0,,ae3c8f84b149fd836c9382a8caec1c11,935ffd57a5f80e2e5592f70c39f5843e,72edd6419929ada7bd3b0e220b4348ab,['1717f8da3eac9359a4c4ac723cf359b9'],
,1752001658000.0,{'mimeType': 'image/jpeg'},ae3c8f84b149fd836c9382a8caec1c11,935ffd57a5f80e2e5592f70c39f5843e,e30483c89a2d8a35b8fc36447f7cc82c,,"[{'reaction': '😂', 'maskedReactingUserId': '43c9cbae65649d17926b9306c72a1357'}]"
הופה לאן נוסע?,1752056851000.0,,ae3c8f84b149fd836c9382a8caec1c11,935ffd57a5f80e2e5592f70c39f5843e,1ace15519c36519aa191ea5e1941e2f9,['ccdebc148b54317354717dfe32c59077'],
ולמה חד פעמי 😎,1752056866000.0,,ae3c8f84b149fd836c9382a8caec1c11,935ffd57a5f80e2e5592f70c39f5843e,31e0a0f4909990ae99509289129216ac,['507e1ab8fa70e2b546d2bbc727a47fcd'],
אה באמת אז דע לך הם יכולים לעשות צילום מסך 😎,1752057537000.0,,ae3c8f84b149fd836c9382a8caec1c11,935ffd57a5f80e2e5592f70c39f5843e,5cd186a4e48fff1a99734cfab67aa8bc,['d00188ecc278de704944e223ff719143'],
הינה תלמד מדוד😎,1752057558000.0,,ae3c8f84b149fd836c9382a8caec1c11,935ffd57a5f80e2e5592f70c39f5843e,710df3ace7c682aab4368a96c0105b74,,"[{'reaction': '😂', 'maskedReactingUserId': '82e34ba6e52ed6fe2e13ce2ee8b804fd'}]"
אפשר רוצה שאני אראה לך?,1752064916000.0,,ae3c8f84b149fd836c9382a8caec1c11,935ffd57a5f80e2e5592f70c39f5843e,3b4c589289a845a4214de4d94dd01a1a,['c6aaebf0dbc45d567ce4c6b782c7aa2d'],
שלח תמונה חד פעמי,1752064957000.0,,ae3c8f84b149fd836c9382a8caec1c11,935ffd57a5f80e2e5592f70c39f5843e,61d690766999290cbfbee6555505865d,['9884340e90b2c199e0980622bfc7201a'],
הצילום לא עובד היום יש לך מזל 😆,1752065280000.0,,ae3c8f84b149fd836c9382a8caec1c11,935ffd57a5f80e2e5592f70c39f5843e,e65a83e85cec606c8ecf71c47e71505d,['86de292b42c790db8b46a448f1f789e2'],
תשלחי שוב,1752065302000.0,,ae3c8f84b149fd836c9382a8caec1c11,935ffd57a5f80e2e5592f70c39f5843e,843885efa8bf103c7a90fe516adaf57b,['8949b4e675a32058c703baee98ab9074'],
תשלחי שוב,1752065311000.0,,ae3c8f84b149fd836c9382a8caec1c11,935ffd57a5f80e2e5592f70c39f5843e,de9118caabe9f9476c69541846b0a19e,['988a7d9297f7cf6ed8258084abb1332d'],
נו,1752065332000.0,,ae3c8f84b149fd836c9382a8caec1c11,935ffd57a5f80e2e5592f70c39f5843e,d18d2d4b60c0d4787af21cd8fa2e49e8,,
🫣,1752065381000.0,,ae3c8f84b149fd836c9382a8caec1c11,935ffd57a5f80e2e5592f70c39f5843e,06968e59335074c44c5802a135123302,,
לא הצלחתי 😳,1752065466000.0,,ae3c8f84b149fd836c9382a8caec1c11,935ffd57a5f80e2e5592f70c39f5843e,be3c2ae050d0e8892003366830a40437,['3b66110dc1bd41a1b6fa38fb15f5c771'],
🥺,1752065553000.0,,ae3c8f84b149fd836c9382a8caec1c11,935ffd57a5f80e2e5592f70c39f5843e,39323a2ea501d33e7d139824541caebe,,
אבל יש לי מעברר🤭,1752137728000.0,,ae3c8f84b149fd836c9382a8caec1c11,935ffd57a5f80e2e5592f70c39f5843e,62379775303d20d25f1ad2fe8ba34ef8,['15d3639d3a9ac63707498a07f11eb3e3'],"[{'reaction': '😂', 'maskedReactingUserId': '82e34ba6e52ed6fe2e13ce2ee8b804fd'}]"
צום קל,1752346544000.0,,ae3c8f84b149fd836c9382a8caec1c11,935ffd57a5f80e2e5592f70c39f5843e,31d34b02f9b3016aea160aeb487c7f24,,"[{'reaction': '🙏', 'maskedReactingUserId': '5c368ef732eeb65a7847b653a4d235c4'}]"
חחחחח חזק,1752421714000.0,,ae3c8f84b149fd836c9382a8caec1c11,935ffd57a5f80e2e5592f70c39f5843e,81c9be442ad00e23b1167654fdbad5c8,,"[{'reaction': '😂', 'maskedReactingUserId': '82e34ba6e52ed6fe2e13ce2ee8b804fd'}]"
"הרופא אמר לי לעשות בדיקת סי טי..
אמרתי לו - טוב אני אעשה את זה בסינמה סיטי..חחחח
🤣🌹🤣",1752500462000.0,,ae3c8f84b149fd836c9382a8caec1c11,935ffd57a5f80e2e5592f70c39f5843e,da79efa3d54a024debb685ccf30f1a9b,['8ae8da7b93fa37316f872466bd689938'],
שלום רב,1752578476000.0,,ae3c8f84b149fd836c9382a8caec1c11,935ffd57a5f80e2e5592f70c39f5843e,50bc288f8f8134ffc5e5179f985362c6,,"[{'reaction': '🥰', 'maskedReactingUserId': '418edb6681d1e94d9aeee29d35e175e6'}]"
@143941651456050 בוקר טוב נשמה,1752647976000.0,,ae3c8f84b149fd836c9382a8caec1c11,935ffd57a5f80e2e5592f70c39f5843e,f23ec8d9d8d744d81e217bd04dd508e8,['9905e20cd5d2c525295d4888391fcb8f'],
תענה לי בפרטי בבקשה,1752648988000.0,,ae3c8f84b149fd836c9382a8caec1c11,935ffd57a5f80e2e5592f70c39f5843e,6139dc9b3b4d5c1c55e32e13e1257346,['faf185a2c4071173c63a058d37ae270d'],
הכי בריא מים ולא כל מיני מיצים,1752674357000.0,,ae3c8f84b149fd836c9382a8caec1c11,935ffd57a5f80e2e5592f70c39f5843e,055af112b12872fd7a615bb4cd584170,['88648577b457b789fc55a1017bbee789'],
בהצלחה,1752690564000.0,,ae3c8f84b149fd836c9382a8caec1c11,935ffd57a5f80e2e5592f70c39f5843e,65c0a88f141ea3b33b973d6d42191cd5,,
אממ שלי יותר טעים,1752759425000.0,{'mimeType': 'image/jpeg'},ae3c8f84b149fd836c9382a8caec1c11,935ffd57a5f80e2e5592f70c39f5843e,dd4439f6afa150139a3e408eff8237e3,"['b4ba571910bd3ddb1c655c872b814c87', 'f95bddf2dc1bede029f1deb6a9271a44']","[{'reaction': '😂', 'maskedReactingUserId': 'e7b7c28cb0632c7058762452f3f94976'}]"
תודה,1752760253000.0,,ae3c8f84b149fd836c9382a8caec1c11,935ffd57a5f80e2e5592f70c39f5843e,d9d5839f79c1c77f04e31c5a7bce3b50,,
,1752760389000.0,{'mimeType': 'image/webp'},ae3c8f84b149fd836c9382a8caec1c11,935ffd57a5f80e2e5592f70c39f5843e,30f9f0646807d785d40eaa2609864391,['f251ea297828b219f35fd0a3ec31ec80'],
חמוד,1752823223000.0,,ae3c8f84b149fd836c9382a8caec1c11,935ffd57a5f80e2e5592f70c39f5843e,984b51c958fc2a7e7247126a665c2807,,
לכבוד שבת?,1752838127000.0,,ae3c8f84b149fd836c9382a8caec1c11,935ffd57a5f80e2e5592f70c39f5843e,1e557f116c293f7902c4bd26193bb3cd,['6f012ed08b7f9062c4f5346c5727138a'],
מה זה?,1753006175000.0,,ae3c8f84b149fd836c9382a8caec1c11,935ffd57a5f80e2e5592f70c39f5843e,9eceb1edab890d8a66cc29426b6e8b1b,['26e30d63c742a3ccfabd9f305aaf96a6'],
,1756121864000.0,{'mimeType': 'image/jpeg'},ae3c8f84b149fd836c9382a8caec1c11,935ffd57a5f80e2e5592f70c39f5843e,0450f81b75cbbda775b7d4dcbb01da17,"['32a79292ffa1549ba47cf1e1e2ff8423', '22bc021cc7bfe21112ad652a462b69b6']",
😡,1756121868000.0,,ae3c8f84b149fd836c9382a8caec1c11,935ffd57a5f80e2e5592f70c39f5843e,e82d12d4d124abd7e97e0f8a106babeb,,
לגמרי 😭,1756121922000.0,,ae3c8f84b149fd836c9382a8caec1c11,935ffd57a5f80e2e5592f70c39f5843e,595105a5248304e0c0bfbda4a333ac44,,"[{'reaction': '😢', 'maskedReactingUserId': '82e34ba6e52ed6fe2e13ce2ee8b804fd'}]"
זה גבר,1756121934000.0,,ae3c8f84b149fd836c9382a8caec1c11,935ffd57a5f80e2e5592f70c39f5843e,918a72975a63af207997e57e73f8ebf7,['6cf4534ce3702beaf0ea0aff08ce2d75'],
,1749034145000.0,{'mimeType': 'image/webp'},3c4455e8491c29b63e39de061e4a6935,935ffd57a5f80e2e5592f70c39f5843e,52a76e2feca039cc02fe68ee4c131178,,
,1749034146000.0,{'mimeType': 'image/webp'},3c4455e8491c29b63e39de061e4a6935,935ffd57a5f80e2e5592f70c39f5843e,df98e9f04a19ab81f1877d4ede8624c0,,"[{'reaction': '❤️', 'maskedReactingUserId': 'a667bd238f86d4fc736db3cb6c3edb97'}]"
,1749034149000.0,{'mimeType': 'image/webp'},3c4455e8491c29b63e39de061e4a6935,935ffd57a5f80e2e5592f70c39f5843e,fde377580f1c54b22b7360b91e50c243,,
,1749034430000.0,{'mimeType': 'image/webp'},3c4455e8491c29b63e39de061e4a6935,935ffd57a5f80e2e5592f70c39f5843e,35e561273386a0026ced405d0efd97be,,
,1749034413000.0,{'mimeType': 'image/webp'},3c4455e8491c29b63e39de061e4a6935,935ffd57a5f80e2e5592f70c39f5843e,87d4f6f8d9760ee30ab14ae02178a111,['bca49f4ac25ca776ebbd658638919128'],"[{'reaction': '❤️', 'maskedReactingUserId': '62b53cb22f5b795324f77144531769b8'}, {'reaction': '❤️', 'maskedReactingUserId': 'a667bd238f86d4fc736db3cb6c3edb97'}]"
,1749034400000.0,{'mimeType': 'image/webp'},3c4455e8491c29b63e39de061e4a6935,935ffd57a5f80e2e5592f70c39f5843e,6b8c50730601330394007892d57da58e,,
,1749034685000.0,{'mimeType': 'image/webp'},3c4455e8491c29b63e39de061e4a6935,935ffd57a5f80e2e5592f70c39f5843e,7e673f2513a96ed0ccd54f2311340923,['4373c046f5d0d87e4d50d461134d6716'],
אמת,1749150082000.0,,3c4455e8491c29b63e39de061e4a6935,935ffd57a5f80e2e5592f70c39f5843e,e00b43159c807a20c4abe0131a7edb61,,
,1749150298000.0,{'mimeType': 'image/webp'},3c4455e8491c29b63e39de061e4a6935,935ffd57a5f80e2e5592f70c39f5843e,8923a30bd6fe4d5c679e2786e94fa9e6,,"[{'reaction': '\U0001f979', 'maskedReactingUserId': '57890b3fd71436c8faa5bff5f8f36f0a'}]"
,1749150346000.0,{'mimeType': 'image/webp'},3c4455e8491c29b63e39de061e4a6935,935ffd57a5f80e2e5592f70c39f5843e,3a912899d5833994edbefb68108ac149,,
אפשר בבקשה מדבקה יום הולדת שמח אריאל?,1750012877000.0,,3c4455e8491c29b63e39de061e4a6935,935ffd57a5f80e2e5592f70c39f5843e,0f7c3be521036e6c2f538c18454b5168,['f8c41d3ace1dd1f54ab525200b9e4682'],
ואוו תודה,1750013940000.0,,3c4455e8491c29b63e39de061e4a6935,935ffd57a5f80e2e5592f70c39f5843e,3c16dc6e80bbd416cf7842c1ed5c1efe,['14df353f387d901132604891f049b589'],
,1751863881000.0,{'mimeType': 'image/webp'},3c4455e8491c29b63e39de061e4a6935,935ffd57a5f80e2e5592f70c39f5843e,200353b894eb875f20d73b49d089467a,['f3cddba6a023560c26c057e927d9b3a1'],
,1751917295000.0,{'mimeType': 'image/webp'},3c4455e8491c29b63e39de061e4a6935,935ffd57a5f80e2e5592f70c39f5843e,eab2c123d43b3579f6e16e88ee48ff31,,"[{'reaction': '😂', 'maskedReactingUserId': 'a982b92013261aa73379c12f0483b9fe'}]"
🤦🏽‍♀️,1751917490000.0,,3c4455e8491c29b63e39de061e4a6935,935ffd57a5f80e2e5592f70c39f5843e,47b713151016573c533333b1075cb567,,"[{'reaction': '❤️', 'maskedReactingUserId': 'a982b92013261aa73379c12f0483b9fe'}]"
,1747710810000.0,{'mimeType': 'image/webp'},72947e94cd87df37172cbeb893d2089d,58d192453a793525df23639422084557,1674c5085dbb326ac54167b061275c24,,
,1747710800000.0,{'mimeType': 'image/jpeg'},72947e94cd87df37172cbeb893d2089d,58d192453a793525df23639422084557,aa7ed8b673f0203086f554e6a07f19f7,['d665a0e43534703fd18bed4978e7b288'],"[{'reaction': '❤️', 'maskedReactingUserId': 'ce8caf542cb5305b472f236447b53d10'}, {'reaction': '👍', 'maskedReactingUserId': '06c3f2725e5b8436b1282ee37fcd347a'}, {'reaction': '❤️', 'maskedReactingUserId': '06c3f2725e5b8436b1282ee37fcd347a'}, {'reaction': '😮', 'maskedReactingUserId': 'af6b27d3a176912b76954af50c299b2d'}, {'reaction': '💓', 'maskedReactingUserId': 'af6b27d3a176912b76954af50c299b2d'}, {'reaction': '🤍', 'maskedReactingUserId': '3c14fc7489dc7012535f2ac6534fbd70'}]"
בוקר טוב באבאא,1747716590000.0,,72947e94cd87df37172cbeb893d2089d,58d192453a793525df23639422084557,b81eae1bfa3fe6a2323ffee0d355008f,,
,1747716600000.0,{'mimeType': 'image/webp'},72947e94cd87df37172cbeb893d2089d,58d192453a793525df23639422084557,e4a1fa527a0e8f3fdf77cbd2f08bea6c,,
,1747716638000.0,{'mimeType': 'audio/ogg; codecs=opus'},72947e94cd87df37172cbeb893d2089d,58d192453a793525df23639422084557,af608d0a60fc82421ee2fb54cbc79e49,['1d0c7cff6a6a3b19e315409252ba4bef'],
בהצלחה,1747716683000.0,,72947e94cd87df37172cbeb893d2089d,58d192453a793525df23639422084557,916de20a3753fafdeba3f2bbf0ed93fb,['b4708965e393e440fc906e24a2754682'],
,1747716926000.0,{'mimeType': 'audio/ogg; codecs=opus'},72947e94cd87df37172cbeb893d2089d,58d192453a793525df23639422084557,037110ac441e20d1bbd18f5ad791f2ec,['d1107f45f234e10e182137e1dc62f834'],
,1747716967000.0,{'mimeType': 'audio/ogg; codecs=opus'},72947e94cd87df37172cbeb893d2089d,58d192453a793525df23639422084557,402ac85fcc6f914171d15898f31161b6,['a20dee9de8fe289620a76562472ad5e8'],
,1747716843000.0,{'mimeType': 'audio/ogg; codecs=opus'},72947e94cd87df37172cbeb893d2089d,58d192453a793525df23639422084557,c51216a83d246b1b8073dfb8875169a5,"['7098e7a38b4c591b89a08d510c9de8bb', 'ca816f3710b14ce7cba36fe5baf04977', 'c062d5283fa7671868fc738b5cd0e4e1']",
,1747716911000.0,{'mimeType': 'audio/ogg; codecs=opus'},72947e94cd87df37172cbeb893d2089d,58d192453a793525df23639422084557,9283dda208ea578327869954d5826d23,['846d20de5086448d3c319f97611fbb58'],
,1747722667000.0,{'mimeType': 'image/jpeg'},72947e94cd87df37172cbeb893d2089d,58d192453a793525df23639422084557,33478525a49e809cf23d831b2e20bbb7,['2359f8f19ca2ada450a8e8e4a23402b6'],"[{'reaction': '😮', 'maskedReactingUserId': 'ce8caf542cb5305b472f236447b53d10'}]"
,1747722674000.0,{'mimeType': 'image/jpeg'},72947e94cd87df37172cbeb893d2089d,58d192453a793525df23639422084557,34d34f978a60d56d69d11ed660a6e560,,
,1747722688000.0,{'mimeType': 'image/jpeg'},72947e94cd87df37172cbeb893d2089d,58d192453a793525df23639422084557,ef46408c0be8e8d35e046c8980a6a2bf,,
,1747722824000.0,{'mimeType': 'audio/ogg; codecs=opus'},72947e94cd87df37172cbeb893d2089d,58d192453a793525df23639422084557,c927abf58ba6a52b073ad17d80b110c6,,
,1747722815000.0,{'mimeType': 'audio/ogg; codecs=opus'},72947e94cd87df37172cbeb893d2089d,58d192453a793525df23639422084557,a0163d092ca49ad5b84ef8d715a10b53,,
,1747723054000.0,{'mimeType': 'audio/ogg; codecs=opus'},72947e94cd87df37172cbeb893d2089d,58d192453a793525df23639422084557,789217efa5838a945ba23315120fefcd,,
,1747723096000.0,{'mimeType': 'audio/ogg; codecs=opus'},72947e94cd87df37172cbeb893d2089d,58d192453a793525df23639422084557,01ad9745da0bf2d6e3e714ff499f40fa,,
אוחחחח,1747723148000.0,,72947e94cd87df37172cbeb893d2089d,58d192453a793525df23639422084557,be9768105f8610df88290f291ab5069a,['99e1edab05d746440278d82fda5bdf76'],
,1747723079000.0,{'mimeType': 'audio/ogg; codecs=opus'},72947e94cd87df37172cbeb893d2089d,58d192453a793525df23639422084557,8746970c12e1ab6dc7bbbc5c8edfa52c,['ef1475c42b7a9f2ebcf7a0763a5a190c'],
,1747723247000.0,{'mimeType': 'audio/ogg; codecs=opus'},72947e94cd87df37172cbeb893d2089d,58d192453a793525df23639422084557,603a2c5e1358e9850c47f18a42c8e970,,
,1747723164000.0,{'mimeType': 'audio/ogg; codecs=opus'},72947e94cd87df37172cbeb893d2089d,58d192453a793525df23639422084557,396cd92c0a4ece54f0597814e00bce3b,['b14e17d6885191195aa15e566e3b3cd5'],
@21363385446486 @261297337839687 @121032262303996,1747723234000.0,,72947e94cd87df37172cbeb893d2089d,58d192453a793525df23639422084557,079a447695ce72ef65a01beb4a5d2859,['ae5cdba279291de1ec2992a5a2f9d60b'],
,1747734348000.0,{'mimeType': 'audio/ogg; codecs=opus'},72947e94cd87df37172cbeb893d2089d,58d192453a793525df23639422084557,dbcd289caa2570d462cd56c1e957ce8d,"['a41a6d6e542f509353d20632cb53e1e2', '65b7196e98c0464a51c584c094bfe960', '3a7199df66a08e4681e177ec9a78e975']",
,1747734413000.0,{'mimeType': 'audio/ogg; codecs=opus'},72947e94cd87df37172cbeb893d2089d,58d192453a793525df23639422084557,b843713fae73b0f7a9685bf36f460b52,['1c411f3b8884c0823b874cbe13467070'],
,1747734452000.0,{'mimeType': 'audio/ogg; codecs=opus'},72947e94cd87df37172cbeb893d2089d,58d192453a793525df23639422084557,10ae7c390948590d2c166d4d61574a74,['5e42e26cac6171f280e3bfdc741a6dea'],
,1747734710000.0,{'mimeType': 'audio/ogg; codecs=opus'},72947e94cd87df37172cbeb893d2089d,58d192453a793525df23639422084557,2d0886d6a5bf3af83aee655fc35f342d,['5875ab69dd370fcfa30d5be09c397847'],"[{'reaction': '❤️', 'maskedReactingUserId': '6ac88d5629af5df74707329970eb6942'}, {'reaction': '❤️', 'maskedReactingUserId': 'b56d54489b692b27a3052876dc8c8665'}]"
,1747734517000.0,{'mimeType': 'audio/ogg; codecs=opus'},72947e94cd87df37172cbeb893d2089d,58d192453a793525df23639422084557,6e842bd451383e39ac5ad4c3bd1f89c2,,
,1747734683000.0,{'mimeType': 'audio/ogg; codecs=opus'},72947e94cd87df37172cbeb893d2089d,58d192453a793525df23639422084557,37099bd2573b3bc58cef86f41589d12a,,"[{'reaction': '😂', 'maskedReactingUserId': '6ac88d5629af5df74707329970eb6942'}, {'reaction': '❤️', 'maskedReactingUserId': '6ac88d5629af5df74707329970eb6942'}, {'reaction': '❤️', 'maskedReactingUserId': 'b56d54489b692b27a3052876dc8c8665'}]"
,1747735242000.0,{'mimeType': 'image/webp'},72947e94cd87df37172cbeb893d2089d,58d192453a793525df23639422084557,8a68c8c70a1f93b98dec9d909769bc60,,
אני חושב שדרסתי חולדה 😳,1747736375000.0,,72947e94cd87df37172cbeb893d2089d,58d192453a793525df23639422084557,5a9fd6618308bc12208080eb2ebd76a5,"['3d591ee5ee374d20f8af2c247eff5754', '960549ab96bc979e3420df6ca08ca457']","[{'reaction': '😮', 'maskedReactingUserId': '8abdfa62710a7dfac20adaf2e9b05efb'}]"
,1747736360000.0,{'mimeType': 'audio/ogg; codecs=opus'},72947e94cd87df37172cbeb893d2089d,58d192453a793525df23639422084557,14c0a242acfa6f8b8f3a75ff0d491546,['489a5b77591973a3d61dd9e922b3d91d'],
,1747736198000.0,{'mimeType': 'image/jpeg'},72947e94cd87df37172cbeb893d2089d,58d192453a793525df23639422084557,2e783b083d4d3407fa461c15980945b1,"['1d8de3763db7ba84fe6317de84012be8', '73b8bfe940dbdf84c5d8249388e0cb7b']",
לכן שלחתי לו ...,1747736269000.0,,72947e94cd87df37172cbeb893d2089d,58d192453a793525df23639422084557,eaa07501d023959ae6fef866e58e300f,,
,1747736298000.0,{'mimeType': 'audio/ogg; codecs=opus'},72947e94cd87df37172cbeb893d2089d,58d192453a793525df23639422084557,aad559f9e712df40a78b12f0e5030384,"['f2bd383f1e12bd4926c1e63a01205d1c', '39b95fbda1d791194dc82f874df760d1']",
@111334310031611 איך הכובעית ?,1747736332000.0,{'mimeType': 'image/jpeg'},72947e94cd87df37172cbeb893d2089d,58d192453a793525df23639422084557,08b2eadec7163cd4df5962fa2f5cfd68,['960ea7d0891efd1e62191dce3f8fc747'],
,1747736248000.0,{'mimeType': 'audio/ogg; codecs=opus'},72947e94cd87df37172cbeb893d2089d,58d192453a793525df23639422084557,e079505750d31ce2b0f26bd75b7496ac,['22b4e81fd951022fbd8009601019a7a4'],
,1747736655000.0,{'mimeType': 'audio/ogg; codecs=opus'},72947e94cd87df37172cbeb893d2089d,58d192453a793525df23639422084557,835f630718e70365e5a86c9f6e2b7fec,['9f1a57f03a6e711754cc6719b980849e'],
,1747736522000.0,{'mimeType': 'audio/ogg; codecs=opus'},72947e94cd87df37172cbeb893d2089d,58d192453a793525df23639422084557,0d2e1654ffc317d61c87d7e29c6468d5,"['6ae9e24b131ffa35d5300e2f10d98860', '2b847c69888f7e36c37e410ce840fe96', '58d23b2eeacd5c606961cd63d8c6b9c9']","[{'reaction': '😂', 'maskedReactingUserId': '53194409e2646313ea1e25a03d52be02'}]"
כן,1747736555000.0,,72947e94cd87df37172cbeb893d2089d,58d192453a793525df23639422084557,c1ea0c300e4d8258efb583fc837ac745,,
,1747736495000.0,{'mimeType': 'audio/ogg; codecs=opus'},72947e94cd87df37172cbeb893d2089d,58d192453a793525df23639422084557,8272cee4a245f577cdd960170951c841,['3154bd002370e56f83f0ff0623090d5e'],
,1747736617000.0,{'mimeType': 'audio/ogg; codecs=opus'},72947e94cd87df37172cbeb893d2089d,58d192453a793525df23639422084557,39190b1b656698bab4deb3b77d678e3c,"['87b38b75caabaac380f325111286c07a', '8113df28f177ac5cdb10aa0a1c32d2d4']",
,1747736666000.0,{'mimeType': 'image/webp'},72947e94cd87df37172cbeb893d2089d,58d192453a793525df23639422084557,d61f36e960670c563dcdbdfaba0e7831,,
,1747736416000.0,{'mimeType': 'audio/ogg; codecs=opus'},72947e94cd87df37172cbeb893d2089d,58d192453a793525df23639422084557,2235ec79b2dedb0a660a06497731ec6e,['d661a6952100617fee75eca0733189d9'],
"לפי עלייה לבמפר...
לא היה במפר תאמת",1747736456000.0,,72947e94cd87df37172cbeb893d2089d,58d192453a793525df23639422084557,22c165e302b58ab874318c92e8752bdf,['ce4ca15bc86c3dea1498a0bc32d69d62'],
,1747736830000.0,{'mimeType': 'image/jpeg'},72947e94cd87df37172cbeb893d2089d,58d192453a793525df23639422084557,e73873e19ee186a6062a908de06c037e,['309174dcae95dbca5a4e0e0eef622b21'],
,1747736733000.0,{'mimeType': 'audio/ogg; codecs=opus'},72947e94cd87df37172cbeb893d2089d,58d192453a793525df23639422084557,d33f04a8715a4ab666832224d60666e7,,
,1747736869000.0,{'mimeType': 'audio/ogg; codecs=opus'},72947e94cd87df37172cbeb893d2089d,58d192453a793525df23639422084557,30e0ef4c5703c63d8130e02bef0c03d3,,
,1747736751000.0,{'mimeType': 'image/webp'},72947e94cd87df37172cbeb893d2089d,58d192453a793525df23639422084557,8b69057da004e29f29d854d78a9c5fb5,['c617118b594194bc87d8d0243ce7e390'],"[{'reaction': '😂', 'maskedReactingUserId': '36cb5862e72a4ead928599a32db3dfae'}]"
כל אחד והמנוחה שלו,1747736836000.0,,72947e94cd87df37172cbeb893d2089d,58d192453a793525df23639422084557,653707509355fa8a2639e406444483e0,,
,1747736958000.0,{'mimeType': 'audio/ogg; codecs=opus'},72947e94cd87df37172cbeb893d2089d,58d192453a793525df23639422084557,8574e1e6e39a3f36c46860abe9e8e38c,['e9f994de7bc0c98607c1522d3f17b427'],
,1747736859000.0,{'mimeType': 'image/webp'},72947e94cd87df37172cbeb893d2089d,58d192453a793525df23639422084557,a977f3b161106f92fe54d569230b22a1,,
לא,1747737025000.0,,72947e94cd87df37172cbeb893d2089d,58d192453a793525df23639422084557,2636557f9ed4665a799b6572294ee8d6,,
זה פרופיל חזקית או ....,1747737074000.0,,72947e94cd87df37172cbeb893d2089d,58d192453a793525df23639422084557,aa16048c3c14ebf2e6f8212e9bd821ce,,
@134840515051523,1747737137000.0,,72947e94cd87df37172cbeb893d2089d,58d192453a793525df23639422084557,740c9eb64dde124b630b60853841b1aa,['78f768cc00ca8c763a50f85ee7bb9509'],
,1747737855000.0,{'mimeType': 'audio/ogg; codecs=opus'},72947e94cd87df37172cbeb893d2089d,58d192453a793525df23639422084557,19bc052beb369262e6450be8cbfaf8da,,"[{'reaction': '🙏🏻', 'maskedReactingUserId': '6cedc48259953269a74b64babd8361e8'}]"
"מבקש לא לתייג אותי בשעה הקרובה

גם שתיתי סודה
וגם הולך לנמנם
תודה מראש

לשמעון פנית לא טעית (באבא)",1747743913000.0,,72947e94cd87df37172cbeb893d2089d,58d192453a793525df23639422084557,4b4bc37adba24c5d433171e3a57e94f3,"['fb703f7cf0f3fc1834e00d419838e186', 'f1325d4aab7dd510dbaae352e2ca06d1']",
,1747748601000.0,{'mimeType': 'audio/ogg; codecs=opus'},72947e94cd87df37172cbeb893d2089d,58d192453a793525df23639422084557,fe93a4599446812bb745c8d72c91e7de,"['dfc5622c50faf6276dc126f32a55b83d', 'b293819d9f5f4744baacfbb4bfbe65c4', 'e670c7f8f26adface23e3dd31733d0f0']","[{'reaction': '😂', 'maskedReactingUserId': '488b211a7877a2f62bb29eb93d3cfd27'}]"
@231756569514182,1747748816000.0,{'mimeType': 'image/jpeg'},72947e94cd87df37172cbeb893d2089d,58d192453a793525df23639422084557,ece4b16ce9d57acf22c82dfb4226e1a1,"['e594e6cde7e1b2a1ea5dad6b29b5acac', '28537040354c99dcc1a42c449b56878a']",
,1747748668000.0,{'mimeType': 'audio/ogg; codecs=opus'},72947e94cd87df37172cbeb893d2089d,58d192453a793525df23639422084557,2e54c2393bd2c445c6e85a0f47cc1575,['e8c7a3f804d9f34d51000fa1e693e285'],
לא של חבר,1747749288000.0,,72947e94cd87df37172cbeb893d2089d,58d192453a793525df23639422084557,28a7098146d17e71f0cfb7a16a24ed22,,
רוצה תוכי באבא??,1747749296000.0,,72947e94cd87df37172cbeb893d2089d,58d192453a793525df23639422084557,07e102b5c78ffe96a49c13f35ae8b4bb,['36fe0097071574db7d1d6ccba17e1a52'],
,1747749341000.0,{'mimeType': 'image/webp'},72947e94cd87df37172cbeb893d2089d,58d192453a793525df23639422084557,8224568b864900fc1b6f816488177967,,
,1747749496000.0,{'mimeType': 'audio/ogg; codecs=opus'},72947e94cd87df37172cbeb893d2089d,58d192453a793525df23639422084557,83699484195a3acbc88be4f10552857b,,
מנוחת הלוחם,1747749714000.0,,72947e94cd87df37172cbeb893d2089d,58d192453a793525df23639422084557,e9f4c9333a5b6e24e8174a25d3fae22e,['41a7e6359d7057d0af2b65a0cbc6dcc1'],
יצא יפה מאוד,1747749734000.0,,72947e94cd87df37172cbeb893d2089d,58d192453a793525df23639422084557,1b8d34a69f6785fc498172332e81493c,,
אחלה הרכבה,1747749737000.0,,72947e94cd87df37172cbeb893d2089d,58d192453a793525df23639422084557,9acd7a25acf25639e3e7a7b56d10f45c,,
לבריאות,1747749489000.0,,72947e94cd87df37172cbeb893d2089d,58d192453a793525df23639422084557,a279df01de5ec9b155474b4fab21f518,['6a55d23037272583021a25a2fc67b74e'],
,1747749782000.0,{'mimeType': 'audio/ogg; codecs=opus'},72947e94cd87df37172cbeb893d2089d,58d192453a793525df23639422084557,7b04480d075f15c78f22653efb9c4868,,"[{'reaction': '😂', 'maskedReactingUserId': '6cedc48259953269a74b64babd8361e8'}]"
,1747749757000.0,{'mimeType': 'audio/ogg; codecs=opus'},72947e94cd87df37172cbeb893d2089d,58d192453a793525df23639422084557,1d77f8fb170aa90500b24e94a2707a97,,
,1747750054000.0,{'mimeType': 'audio/ogg; codecs=opus'},72947e94cd87df37172cbeb893d2089d,58d192453a793525df23639422084557,7e707299f5f3b365cb72ed79e2ab8b0b,['05e8fc38ea5ee180d85760b84204db88'],
,1747750120000.0,{'mimeType': 'audio/ogg; codecs=opus'},72947e94cd87df37172cbeb893d2089d,58d192453a793525df23639422084557,c2e382b0be433064872582628e521d89,,
"הזרעים ששתלתם בעבודה קשה בסוף יפרצו ותאכלו מפירותיו 

ציטוט
מאת : שמעון באבא",1747750284000.0,,72947e94cd87df37172cbeb893d2089d,58d192453a793525df23639422084557,e635a27bf2c3ea87cba84944114ff6e1,,
"אני הייתי המודח הראשון אם הייתי נכנס 

לא רואה את התוכנית 
ולא מתעניין בזה באבאא",1747752434000.0,,72947e94cd87df37172cbeb893d2089d,58d192453a793525df23639422084557,7f38e364dc788ae30f75a89b9f8c5ce9,['979cb65dc7e7f50ee119d76858c26c1c'],
,1747752508000.0,{'mimeType': 'audio/ogg; codecs=opus'},72947e94cd87df37172cbeb893d2089d,58d192453a793525df23639422084557,5c7544cdca0a1831ad03675d1c140e36,['29815789c610eb335801919c86b20cd1'],
"אם אתה היית נכנס אני הייתי זורם איתך באבאא
אבל הייתי משבש את כולם שם",1747752480000.0,,72947e94cd87df37172cbeb893d2089d,58d192453a793525df23639422084557,9538472336d6e51d31094b777951f53c,['e257360f2ed8662a52056f01b174f5b1'],
אני מתחבר רק לעדנה מהלווינית,1747752554000.0,,72947e94cd87df37172cbeb893d2089d,58d192453a793525df23639422084557,ef31b23b3769113423fcb3b819fd2bdf,,
"יפות מאוד
אהבתי",1747757730000.0,,72947e94cd87df37172cbeb893d2089d,58d192453a793525df23639422084557,a86f2323ddea61930b7c1daf5ecef21e,,"[{'reaction': '👍🏻', 'maskedReactingUserId': '6cedc48259953269a74b64babd8361e8'}]"
שיתחדש,1747757748000.0,,72947e94cd87df37172cbeb893d2089d,58d192453a793525df23639422084557,8577c9fe5f6358255f70179e0053aab4,,"[{'reaction': '🙏🏻', 'maskedReactingUserId': '6cedc48259953269a74b64babd8361e8'}]"
,1747759169000.0,{'mimeType': 'video/mp4'},72947e94cd87df37172cbeb893d2089d,58d192453a793525df23639422084557,17ef0a0249041d14593f1afe67b359b1,,"[{'reaction': '😂', 'maskedReactingUserId': '34efb0fda23bbbe5389a88811cfa1b4c'}]"
,1747799220000.0,{'mimeType': 'audio/mp4'},72947e94cd87df37172cbeb893d2089d,58d192453a793525df23639422084557,c497a239067f428ab42835706ac36e2c,,
,1747799207000.0,{'mimeType': 'image/webp'},72947e94cd87df37172cbeb893d2089d,58d192453a793525df23639422084557,a0dec8eb48352c9a6bff5e6d245e236e,,
אייל גולן-פחד מפרידות,1747799221000.0,,72947e94cd87df37172cbeb893d2089d,58d192453a793525df23639422084557,d66a9d1cdb2e8495cd5c17c4d7082011,,
בוקר אור אחי,1747799444000.0,,72947e94cd87df37172cbeb893d2089d,58d192453a793525df23639422084557,c1131d15ebee81804ea302eb152c4546,['2188db65763d33a8dccbd4a8d95a7b52'],
"וואלה ברוך השם נהדר 


מה איתך באבא?",1747799568000.0,,72947e94cd87df37172cbeb893d2089d,58d192453a793525df23639422084557,d108d97818ea3b0bdc0ded7915e64ade,"['f81a2af16f20462d751a12642b0f53e4', 'f3cde5b8e241c20c9b202fea1b654b5a']",
מושון ממצב באבא?,1747799598000.0,,72947e94cd87df37172cbeb893d2089d,58d192453a793525df23639422084557,d2f445c0195c3be52b5b1f18bb48fb43,['e36254a1d2cf8bc188e369673b7b5df3'],
אחלה בוקר רונית,1747799636000.0,,72947e94cd87df37172cbeb893d2089d,58d192453a793525df23639422084557,1909a5cdd952ed227d89898c1d8dd169,['baf6dbca0f433abad971d3e1ce92acf2'],
"יהיה טוב ב""ה",1747799698000.0,,72947e94cd87df37172cbeb893d2089d,58d192453a793525df23639422084557,cf7ce14e2c200deeccdf5ebb4e31896a,['fb48dd941f4e96b431670c4d3ca27718'],
בסדר תודה,1747799725000.0,,72947e94cd87df37172cbeb893d2089d,58d192453a793525df23639422084557,264c29c79ea9c62a307264a026213e55,,
"תודה לאל 
בסדר גמור",1747799626000.0,,72947e94cd87df37172cbeb893d2089d,58d192453a793525df23639422084557,ae183a531c357c2d50666c595cedc8e1,,
"אואוווו
רבות מחשבות בלב איש ועצת ה' תיקום",1747799677000.0,,72947e94cd87df37172cbeb893d2089d,58d192453a793525df23639422084557,e776d0c5e725c37fe93f6254db97718f,['30a73ef591f926d6acf1c9005c51c417'],
אחלה בןקר אחינו,1747799587000.0,,72947e94cd87df37172cbeb893d2089d,58d192453a793525df23639422084557,4ccbae47b84967937d84bd722040970e,,
ישר כח,1747804676000.0,,72947e94cd87df37172cbeb893d2089d,58d192453a793525df23639422084557,a2d3b072c869d53893018020bd916a90,,
מה זה באבא שירי ארץ ישראל,1747804667000.0,,72947e94cd87df37172cbeb893d2089d,58d192453a793525df23639422084557,3ae7c843acd99d32f680cf65c0aab3ec,['8ec8c0984234e8b7c9d9aa808b646a92'],
מישהו או מישהי יודעים איפה יש חנות שמוכרת משקפי שמש לדגים?,1747804611000.0,,72947e94cd87df37172cbeb893d2089d,58d192453a793525df23639422084557,32ded2f10940eee5649fb15a98b72a79,"['3b1fb30208b18e79a381526190d88311', 'e35bfaa519db7e548f2170ca8c97134b', 'a7f4dd81d4ca46dd23132c23f5f52854']",
מחפש לעמנואל משקפי שמש,1747805284000.0,,72947e94cd87df37172cbeb893d2089d,58d192453a793525df23639422084557,15e51e6667db904d8a9c1161603eb0ff,['5d12a32cb84988e7fc606b1b7ec21e4d'],
אוחחחח לבריאות באבאאא,1747805300000.0,,72947e94cd87df37172cbeb893d2089d,58d192453a793525df23639422084557,9495e255f42d1ac734d9db422b43d7f6,['33bc7c8804456a62fe9405c7c81a5a2b'],"[{'reaction': '❤️', 'maskedReactingUserId': '488b211a7877a2f62bb29eb93d3cfd27'}]"
תביאי לי עציץץץץ,1747806577000.0,,72947e94cd87df37172cbeb893d2089d,58d192453a793525df23639422084557,8d70227fd41087f80e4e665c69c66f5d,['7b10cec7391fc817f9ea121bc4c56e48'],
באבא שאתה מעלה תמונית תעלה בלבוש צנוע,1747815533000.0,,72947e94cd87df37172cbeb893d2089d,58d192453a793525df23639422084557,884be6408b4d9769287b54d68f97b0e4,['7a67c7112b88964f0003fecbf8c1fb90'],"[{'reaction': '😂', 'maskedReactingUserId': '6cedc48259953269a74b64babd8361e8'}]"
,1747817582000.0,{'mimeType': 'image/jpeg'},72947e94cd87df37172cbeb893d2089d,58d192453a793525df23639422084557,b60258a16a64894350ad601d22cc5314,,"[{'reaction': '😮', 'maskedReactingUserId': '36cb5862e72a4ead928599a32db3dfae'}]"
,1747817589000.0,{'mimeType': 'image/jpeg'},72947e94cd87df37172cbeb893d2089d,58d192453a793525df23639422084557,8c0b31ec0b6545e3fa051cc6aa517257,,"[{'reaction': '😮', 'maskedReactingUserId': '36cb5862e72a4ead928599a32db3dfae'}]"
,1747817611000.0,{'mimeType': 'image/jpeg'},72947e94cd87df37172cbeb893d2089d,58d192453a793525df23639422084557,f0c8e310a399e510e6e032049e5c024f,,"[{'reaction': '😮', 'maskedReactingUserId': '36cb5862e72a4ead928599a32db3dfae'}]"
,1747817618000.0,{'mimeType': 'image/jpeg'},72947e94cd87df37172cbeb893d2089d,58d192453a793525df23639422084557,066cde5fdd6a3e2ba63095cfc0f9a1b0,,"[{'reaction': '😮', 'maskedReactingUserId': '36cb5862e72a4ead928599a32db3dfae'}]"
,1747817624000.0,{'mimeType': 'image/jpeg'},72947e94cd87df37172cbeb893d2089d,58d192453a793525df23639422084557,9613d768e6c5bb7da613a4083972726f,,"[{'reaction': '😮', 'maskedReactingUserId': '36cb5862e72a4ead928599a32db3dfae'}, {'reaction': '😮', 'maskedReactingUserId': '6cedc48259953269a74b64babd8361e8'}]"
"שים לב.
זה לא כולל פסח אחי",1747820348000.0,,72947e94cd87df37172cbeb893d2089d,58d192453a793525df23639422084557,23ef46aefbe43234100f63b0fa8e4bc0,"['8be747f5bd9e8c9f8f50be1749235128', 'efcb66619c54544aa7e092c52a413d39']","[{'reaction': '😂', 'maskedReactingUserId': '7eee7468c37a6e5a6dd7851ece63ca89'}]"
קלימרו תצלם לי בהשגחת מי זה ?,1747820115000.0,,72947e94cd87df37172cbeb893d2089d,58d192453a793525df23639422084557,87e1c908e636d6e3339b803b6f055c25,"['2e9e250ba5e3bee2524f4856d261f028', '62f08e66283d7c066262e81b2b5a2a40']",
,1747823294000.0,{'mimeType': 'audio/ogg; codecs=opus'},72947e94cd87df37172cbeb893d2089d,58d192453a793525df23639422084557,8583db7f06b3c2da0ec3f9a8f9c8363d,,"[{'reaction': '🙏🏻', 'maskedReactingUserId': '6cedc48259953269a74b64babd8361e8'}]"
,1747823310000.0,{'mimeType': 'audio/ogg; codecs=opus'},72947e94cd87df37172cbeb893d2089d,58d192453a793525df23639422084557,57647398a642a26def762bc556e03084,,"[{'reaction': '🙏🏻', 'maskedReactingUserId': '6cedc48259953269a74b64babd8361e8'}]"
,1747823404000.0,{'mimeType': 'audio/ogg; codecs=opus'},72947e94cd87df37172cbeb893d2089d,58d192453a793525df23639422084557,9900362862dc43e10f42e74713d9208f,['56abd0a14680001d4c8df6631193ca80'],
אפשר לצרף את 0549002837,1747823339000.0,,72947e94cd87df37172cbeb893d2089d,58d192453a793525df23639422084557,e506b617786c2761026f1608e14fc0bc,,
"דל קלוריות
פחמימות מיוחדות",1747823947000.0,,72947e94cd87df37172cbeb893d2089d,58d192453a793525df23639422084557,4c6463bd22c50b8660a50e80668ec6d3,,"[{'reaction': '😂', 'maskedReactingUserId': '6cedc48259953269a74b64babd8361e8'}]"
,1747827014000.0,{'mimeType': 'audio/ogg; codecs=opus'},72947e94cd87df37172cbeb893d2089d,58d192453a793525df23639422084557,84dd7812acc1d3bea84a6fd2ff769b33,,"[{'reaction': '😂', 'maskedReactingUserId': '6cedc48259953269a74b64babd8361e8'}]"
"מה קרה באבאא
אתה רותח היום?",1747827612000.0,,72947e94cd87df37172cbeb893d2089d,58d192453a793525df23639422084557,c45ce463471e8aa2cb14423adf881990,['b2fc101e7cc721745f1088e9d27dc3c0'],
,1747827420000.0,{'mimeType': 'video/mp4'},72947e94cd87df37172cbeb893d2089d,58d192453a793525df23639422084557,9fccddd4443bfea2c388141ea28738aa,,
מי פנוי פנויה  בארלוזורוב רמת גן,1747827788000.0,,72947e94cd87df37172cbeb893d2089d,58d192453a793525df23639422084557,706e50f3a86b7f653fe8d34ff4a2c8ca,['107ab0ab95fe2ead9d3c6e52f9650f5e'],
,1747827695000.0,{'mimeType': 'audio/ogg; codecs=opus'},72947e94cd87df37172cbeb893d2089d,58d192453a793525df23639422084557,3120a7ffe857e2491285acd6bab03b97,"['8d7afceb65d2783297e967dde64d01bd', 'ae6c8243211e1f374bbca85543873bcc']","[{'reaction': '💓', 'maskedReactingUserId': 'af6b27d3a176912b76954af50c299b2d'}]"
לא הבנתי על מה השיח,1747827760000.0,,72947e94cd87df37172cbeb893d2089d,58d192453a793525df23639422084557,0af3a95701e560de00f26bd28d4f613f,,
??,1747827762000.0,,72947e94cd87df37172cbeb893d2089d,58d192453a793525df23639422084557,cfed321ef5d7024616083712bbcbb45c,,
אוחחחח,1747827812000.0,,72947e94cd87df37172cbeb893d2089d,58d192453a793525df23639422084557,887e7f3aae8d6e9f2f2287467df2b5d4,,
,1747827724000.0,{'mimeType': 'audio/ogg; codecs=opus'},72947e94cd87df37172cbeb893d2089d,58d192453a793525df23639422084557,18b331b02b0efcdb4673606779e27e25,,
"חברים
כל אחד שיעשה מה שטוב לו ומה שהכי נכון לו /לה לעשות
החיים האלו כל כך מורכבים כך שאי אפשר לשפוט אף אחד ואף אחת .....

לכל אחד מאיתנו שיהיה הכי כייף והכי שמח בחיים",1747828478000.0,,72947e94cd87df37172cbeb893d2089d,58d192453a793525df23639422084557,c389fd937ce4c2d2d2a71542714c571d,['59e381422d5c5b8f59f380be710d23e3'],"[{'reaction': '❤️', 'maskedReactingUserId': '6ac88d5629af5df74707329970eb6942'}, {'reaction': '👍', 'maskedReactingUserId': 'f1fb89a150fed986f429eebdbde85620'}]"
,1747833803000.0,{'mimeType': 'audio/ogg; codecs=opus'},72947e94cd87df37172cbeb893d2089d,58d192453a793525df23639422084557,51c4d7a679cacb32612df57bd512fcf7,['c5cb3854a4672d0243565f532fee152f'],"[{'reaction': '❤️', 'maskedReactingUserId': '6cedc48259953269a74b64babd8361e8'}]"
,1747833879000.0,{'mimeType': 'audio/ogg; codecs=opus'},72947e94cd87df37172cbeb893d2089d,58d192453a793525df23639422084557,0140a253e21a79f804bbc58b1b7e8310,,
,1747834183000.0,{'mimeType': 'audio/ogg; codecs=opus'},72947e94cd87df37172cbeb893d2089d,58d192453a793525df23639422084557,c2bb1e9c156d281241828e95f26beefb,['ff150b5bd4138d5ed0f3a396b0cecabb'],"[{'reaction': '😂', 'maskedReactingUserId': '6cedc48259953269a74b64babd8361e8'}]"
,1747834265000.0,{'mimeType': 'video/mp4'},72947e94cd87df37172cbeb893d2089d,58d192453a793525df23639422084557,6ccbab58ec1622f9cad1392ed3237cdf,['1d74def514976c66828b477677674797'],"[{'reaction': '❤️', 'maskedReactingUserId': '6cedc48259953269a74b64babd8361e8'}]"
,1747835178000.0,{'mimeType': 'audio/ogg; codecs=opus'},72947e94cd87df37172cbeb893d2089d,58d192453a793525df23639422084557,97e63d80047e704aa9445fa6778ce512,['66605dd5725c7e2147e61c2d9b7fb214'],
,1747835253000.0,{'mimeType': 'audio/ogg; codecs=opus'},72947e94cd87df37172cbeb893d2089d,58d192453a793525df23639422084557,6d67ece7baac22b4f39d335b216f3de6,['a7131b399c574df8aab96c2a2f970bb7'],
תשאל אותו באבאאא,1747835316000.0,,72947e94cd87df37172cbeb893d2089d,58d192453a793525df23639422084557,48cf6180069862ff6bc3c999f526cf10,,
,1747835376000.0,{'mimeType': 'audio/ogg; codecs=opus'},72947e94cd87df37172cbeb893d2089d,58d192453a793525df23639422084557,3a461514166b0bcbb5dfe8096a3bd168,['4b02643afae3d1fe6ecead73a4d6a79c'],
,1747835268000.0,{'mimeType': 'audio/ogg; codecs=opus'},72947e94cd87df37172cbeb893d2089d,58d192453a793525df23639422084557,b2c606717cff2b017c46728805c183e2,['7d4f57b2f4d19bd646b0672ff096e922'],
מעונן חלקית עד בהיר באבאא,1747835289000.0,,72947e94cd87df37172cbeb893d2089d,58d192453a793525df23639422084557,75c7c99de43db18956f076d815e3afb2,,"[{'reaction': '😂', 'maskedReactingUserId': '6cedc48259953269a74b64babd8361e8'}]"
,1747835398000.0,{'mimeType': 'audio/ogg; codecs=opus'},72947e94cd87df37172cbeb893d2089d,58d192453a793525df23639422084557,6d6e6a62be04052134f7e53cffc7f232,['6e2c3a63ec157f9d809f7c11755d512b'],
שי חסם אותי,1747835294000.0,,72947e94cd87df37172cbeb893d2089d,58d192453a793525df23639422084557,ea7dd875c6837d7c5988145a70b1f333,"['a3b1c3237a4312269819d7eac78df54e', 'ff62cc6f488527b5cea016eaccf29955']",
,1747835352000.0,{'mimeType': 'audio/ogg; codecs=opus'},72947e94cd87df37172cbeb893d2089d,58d192453a793525df23639422084557,561a089e2255b26b0440e703ea62c0a2,,
,1747835243000.0,{'mimeType': 'audio/ogg; codecs=opus'},72947e94cd87df37172cbeb893d2089d,58d192453a793525df23639422084557,3fb0cbc1d56a18ff85e969bcd2bf389e,['963f0e71b20fbdd617d7e56e70be8308'],
,1747835500000.0,{'mimeType': 'audio/ogg; codecs=opus'},72947e94cd87df37172cbeb893d2089d,58d192453a793525df23639422084557,6d9a4ac77c064a35d3e79189157d27f1,,
"אני הייתי כבר 3 פעמים 

גם נסיעה שלי לשם לוקח מפרעה☺️🫣",1747836147000.0,,72947e94cd87df37172cbeb893d2089d,58d192453a793525df23639422084557,ba873e50a20ad654d57300ffb3ec08e9,,"[{'reaction': '💚', 'maskedReactingUserId': '72bf62f75dab225e3c3837f406088925'}]"
אז זהו שכן,1747836327000.0,,72947e94cd87df37172cbeb893d2089d,58d192453a793525df23639422084557,27af7000e5e40142e5994c43f9c79879,['c045b4e31dbb53fbdd1825de4fe31a3b'],
🤷🏻,1747836488000.0,,72947e94cd87df37172cbeb893d2089d,58d192453a793525df23639422084557,ffaf0ac8879015265db0f6841173dd99,['4e92d3d1a17d6e4d20b5934a9f956670'],
אבל מה עם הלב הסדוק ובאיזה כלים מתקנים וחמה בבית ספר את זה לא מלמדים,1747836552000.0,,72947e94cd87df37172cbeb893d2089d,58d192453a793525df23639422084557,2815f43db5e9c329177c2115bb3c6ed0,['397bdcb11d2b521b5673e14fc5cff30f'],
?,1747836554000.0,,72947e94cd87df37172cbeb893d2089d,58d192453a793525df23639422084557,d4fab8cef527357c5cc1a995d19927c6,,
,1747836211000.0,{'mimeType': 'audio/ogg; codecs=opus'},72947e94cd87df37172cbeb893d2089d,58d192453a793525df23639422084557,06504a0844494a61da9f76985a620d28,['9e7f9ca2a2ca19599b28d4cc900b70a7'],
"סילבן
אני מכניס את גיא טיטי בכניסה השנייה 
מפעיל קשרים 
אני יכניס אותו",1747836289000.0,,72947e94cd87df37172cbeb893d2089d,58d192453a793525df23639422084557,75fb9ffd03d0c9b2b0d4273a378ef71e,['17e348f104201cd6fdc9b65e1d1f91fb'],
זה המטרה שלי שיעיפו אותו,1747836339000.0,,72947e94cd87df37172cbeb893d2089d,58d192453a793525df23639422084557,7e63e4a587c2bbe0e6ccf813fe3fe698,,
,1747836584000.0,{'mimeType': 'audio/ogg; codecs=opus'},72947e94cd87df37172cbeb893d2089d,58d192453a793525df23639422084557,5d2d147f0b866fae57e81a6aa354ca9d,['a00cb5aa8b5da3cadd3ebc98d8cf6089'],"[{'reaction': '😂', 'maskedReactingUserId': 'b56d54489b692b27a3052876dc8c8665'}]"
ברוכה הבאה אחותי למועדון הלבבות השבורים,1747836619000.0,,72947e94cd87df37172cbeb893d2089d,58d192453a793525df23639422084557,aedfe206f4f741c297b99f2e7ffe4ddc,['b8e1d34ad0ea9ee08381f6393511f5af'],
,1747836433000.0,{'mimeType': 'audio/ogg; codecs=opus'},72947e94cd87df37172cbeb893d2089d,58d192453a793525df23639422084557,716bc5cd8f94ae3c40537f466eb2fa6a,['f4d4cf083b224a9f02ed15fdca89367f'],"[{'reaction': '❤️', 'maskedReactingUserId': 'b56d54489b692b27a3052876dc8c8665'}]"
☺️,1747836622000.0,,72947e94cd87df37172cbeb893d2089d,58d192453a793525df23639422084557,1ce2a3d71ee4b088e856ef0f96a822d7,,
@231756569514182 זה לא בשבילו,1747836843000.0,,72947e94cd87df37172cbeb893d2089d,58d192453a793525df23639422084557,19fa244fe543053f0bcf8281819f6675,['cd5f939f9f328fd3feacc015972c82e8'],
היה חשוב לי שתדעי שהנער הזה הוא אני,1747836676000.0,,72947e94cd87df37172cbeb893d2089d,58d192453a793525df23639422084557,114828a33047b4453a1d683ec1cd953a,['9fd9887fcee61949754eca6070bf30ab'],
,1747836895000.0,{'mimeType': 'image/webp'},72947e94cd87df37172cbeb893d2089d,58d192453a793525df23639422084557,1627611ca80f5e576803f83bf1d65a77,,
,1747836821000.0,{'mimeType': 'audio/ogg; codecs=opus'},72947e94cd87df37172cbeb893d2089d,58d192453a793525df23639422084557,e66200e327ece552f5e8d9192fbd546f,['a6a6aede4b669f9b719ae454eb7f81d9'],"[{'reaction': '😂', 'maskedReactingUserId': 'b56d54489b692b27a3052876dc8c8665'}]"
,1747836894000.0,{'mimeType': 'image/webp'},72947e94cd87df37172cbeb893d2089d,58d192453a793525df23639422084557,5a7cfd932fed77ed6b874b4e3f8eebd2,,
,1747836914000.0,{'mimeType': 'audio/ogg; codecs=opus'},72947e94cd87df37172cbeb893d2089d,58d192453a793525df23639422084557,1815715367d6627b7b4376c9fcb99341,['abd528bde628309380449319777056ab'],
,1747836716000.0,{'mimeType': 'audio/ogg; codecs=opus'},72947e94cd87df37172cbeb893d2089d,58d192453a793525df23639422084557,a43359b67e6acd9e5f8e5d51840c95d7,['18d4e1f0eec9a1e948f1c262b2804dfc'],"[{'reaction': '😂', 'maskedReactingUserId': '6cedc48259953269a74b64babd8361e8'}]"
,1747836953000.0,{'mimeType': 'audio/ogg; codecs=opus'},72947e94cd87df37172cbeb893d2089d,58d192453a793525df23639422084557,a2df551b96241765e04d964dddc04517,,"[{'reaction': '❤️', 'maskedReactingUserId': 'b56d54489b692b27a3052876dc8c8665'}]"
,1747837074000.0,{'mimeType': 'audio/ogg; codecs=opus'},72947e94cd87df37172cbeb893d2089d,58d192453a793525df23639422084557,b855b138d94e565fa1d2013dbcd3791d,"['3e1e4ed2976d11d265e46026417a1cb1', 'c92252465b026aff9e86506a503d2356']","[{'reaction': '😂', 'maskedReactingUserId': 'b56d54489b692b27a3052876dc8c8665'}]"
,1747837205000.0,{'mimeType': 'audio/ogg; codecs=opus'},72947e94cd87df37172cbeb893d2089d,58d192453a793525df23639422084557,c06dfd98a60aced82a66eef403f722d0,['3cef5cda896a260f66530f65c39db402'],
@231756569514182 הןא תוקע,1747837008000.0,,72947e94cd87df37172cbeb893d2089d,58d192453a793525df23639422084557,fb4ce30585a1c006a05c58a49f14bda8,['a646416e5d2a972774d3690a1184dc01'],
,1747837159000.0,{'mimeType': 'audio/ogg; codecs=opus'},72947e94cd87df37172cbeb893d2089d,58d192453a793525df23639422084557,c08c8ac95c8c42dfa4de4d99db080d4a,['22774c5ba21eeb7cd83f161ce5628c7b'],
,1747837253000.0,{'mimeType': 'image/webp'},72947e94cd87df37172cbeb893d2089d,58d192453a793525df23639422084557,3e966192ba7049dd66a698d0bf2c6bb7,,
,1747836992000.0,{'mimeType': 'audio/ogg; codecs=opus'},72947e94cd87df37172cbeb893d2089d,58d192453a793525df23639422084557,64deb3ae973449024d83834972d1272b,['b52c5ac5eddfe2e561d000507e509421'],
,1747837218000.0,{'mimeType': 'image/webp'},72947e94cd87df37172cbeb893d2089d,58d192453a793525df23639422084557,e667791000dd36fa5052e2271018658d,,
,1747837365000.0,{'mimeType': 'audio/ogg; codecs=opus'},72947e94cd87df37172cbeb893d2089d,58d192453a793525df23639422084557,7037e78f900c06d13ba4d4a19b1bd581,"['93aca716edc0d85597b60de558865738', '435e87f21e515d29c7c3cd93d23d20dd']",
לא נושם,1747837301000.0,,72947e94cd87df37172cbeb893d2089d,58d192453a793525df23639422084557,5683780208f94046d30a2bd4a87ca06f,,
,1747837291000.0,{'mimeType': 'audio/ogg; codecs=opus'},72947e94cd87df37172cbeb893d2089d,58d192453a793525df23639422084557,7a3a8dc45ec97302eb446958db6dea91,['31ae76cf9b5369cf24ff95c54ed4b139'],"[{'reaction': '😂', 'maskedReactingUserId': 'b56d54489b692b27a3052876dc8c8665'}]"
,1747837408000.0,{'mimeType': 'audio/ogg; codecs=opus'},72947e94cd87df37172cbeb893d2089d,58d192453a793525df23639422084557,4ebb7668760e52ab6c39d3cce8cc7875,,
@37233172185138,1747837957000.0,,72947e94cd87df37172cbeb893d2089d,58d192453a793525df23639422084557,1992cd993dcfbb4091632815eb7e1545,,
מישהו יודע אם בyeloow מוכרים חוט ומחט?,1747841351000.0,,72947e94cd87df37172cbeb893d2089d,58d192453a793525df23639422084557,108598c8a5dc7302e798ba2f5af0cdde,['d519865281505b6c8fd664a4da27f4d8'],"[{'reaction': '😮', 'maskedReactingUserId': '4e6e6c4395c2e2e6f920e9546e1dc0e3'}]"
"זה פוגע 
גם נפשית
וגם מנטאלית",1747841465000.0,,72947e94cd87df37172cbeb893d2089d,58d192453a793525df23639422084557,ff848754ba9fb3fd29da9b8e85a6e8e0,,
,1747841269000.0,{'mimeType': 'audio/ogg; codecs=opus'},72947e94cd87df37172cbeb893d2089d,58d192453a793525df23639422084557,b7cb143c46b0c25fb8ca36fdb324f1e9,,"[{'reaction': '😂', 'maskedReactingUserId': 'f1fb89a150fed986f429eebdbde85620'}]"
הידיד שלי יצא,1747841400000.0,,72947e94cd87df37172cbeb893d2089d,58d192453a793525df23639422084557,ea3d6d4e389c30cfd1e6b871d309d3ca,,
1800400400,1747841583000.0,,72947e94cd87df37172cbeb893d2089d,58d192453a793525df23639422084557,fde370011ba02041c91e83e84447f729,,
,1747841896000.0,{'mimeType': 'video/mp4'},72947e94cd87df37172cbeb893d2089d,58d192453a793525df23639422084557,f098eeccc09ca251e5b962a9026514ee,,
,1747847223000.0,{'mimeType': 'image/jpeg'},72947e94cd87df37172cbeb893d2089d,58d192453a793525df23639422084557,87142ea045920a77c46275f0cc85a4c4,['65ae3486955a08e2173afd08bcf30b1a'],
,1747847336000.0,{'mimeType': 'image/webp'},72947e94cd87df37172cbeb893d2089d,58d192453a793525df23639422084557,261d4bb2ff449fd32b54c650486f5418,['c3011557400c5c97f8e9262eabe6ad1c'],
אני בגמילה,1747847251000.0,,72947e94cd87df37172cbeb893d2089d,58d192453a793525df23639422084557,ab54e6b95ce9c8e39c665313a59f8bea,['f678263262e7f26b8f604210fc03b4a7'],
,1747850544000.0,{'mimeType': 'audio/ogg; codecs=opus'},72947e94cd87df37172cbeb893d2089d,58d192453a793525df23639422084557,956b1b7b94aa8199e72a1e64f73622c7,['ee2dc9766eca813d1c24716de641d8c7'],
,1747850614000.0,{'mimeType': 'image/jpeg'},72947e94cd87df37172cbeb893d2089d,58d192453a793525df23639422084557,05fa29ad748ac82ea6d1bccb3420254d,,
,1747850700000.0,{'mimeType': 'audio/ogg; codecs=opus'},72947e94cd87df37172cbeb893d2089d,58d192453a793525df23639422084557,cfd071005ac96a1c2fa644f413e5db63,['e928363a847f902ef0603a4c648e56b4'],"[{'reaction': '😂', 'maskedReactingUserId': '3c14fc7489dc7012535f2ac6534fbd70'}]"
,1747850659000.0,{'mimeType': 'video/mp4'},72947e94cd87df37172cbeb893d2089d,58d192453a793525df23639422084557,340493bd9275ec2ec93c8ec85873e2ae,['de5b1cb024458c91495a68af1522024a'],"[{'reaction': '😂', 'maskedReactingUserId': '488b211a7877a2f62bb29eb93d3cfd27'}]"
,1747850716000.0,{'mimeType': 'audio/ogg; codecs=opus'},72947e94cd87df37172cbeb893d2089d,58d192453a793525df23639422084557,861b1e0daa065f96a98408c99e0c5ef0,['dc9cbba7322b83a2aab7f882ce4429de'],
,1747850788000.0,{'mimeType': 'audio/ogg; codecs=opus'},72947e94cd87df37172cbeb893d2089d,58d192453a793525df23639422084557,8f70a3fa4e529abb37d617970ce73304,,
,1747850880000.0,{'mimeType': 'audio/ogg; codecs=opus'},72947e94cd87df37172cbeb893d2089d,58d192453a793525df23639422084557,a9829d1ac653d19759e5d99f5394d98f,,
,1747851047000.0,{'mimeType': 'audio/ogg; codecs=opus'},72947e94cd87df37172cbeb893d2089d,58d192453a793525df23639422084557,60d03a1bfcf8b5f496cef36d7a9bfe4f,"['556a0adacf60f3c67d7abba5d765af7c', 'f152d472a87d692537f4be014b3b6458']",
,1747850834000.0,{'mimeType': 'audio/ogg; codecs=opus'},72947e94cd87df37172cbeb893d2089d,58d192453a793525df23639422084557,76141aa028943578496788b8f25ce779,['47253448ca87b6dad00464c99e42d1dc'],
,1747850997000.0,{'mimeType': 'audio/ogg; codecs=opus'},72947e94cd87df37172cbeb893d2089d,58d192453a793525df23639422084557,7002259598cb3688ccda9294e9885cac,"['ef8bfff068086e378785b146168fffa9', '0698668c08eda3e112001f87d7c1ba02']",
,1747851135000.0,{'mimeType': 'audio/ogg; codecs=opus'},72947e94cd87df37172cbeb893d2089d,58d192453a793525df23639422084557,c75c3babba46b1026102c8f0b0ca335c,['67e19868607a54bb048bab6cd27826a0'],
,1747851301000.0,{'mimeType': 'audio/ogg; codecs=opus'},72947e94cd87df37172cbeb893d2089d,58d192453a793525df23639422084557,8ff68ef6728380d08410fcb3f4a85c96,['e7ad93576d5fe2a64632a1aa1f339f29'],
,1747851079000.0,{'mimeType': 'audio/ogg; codecs=opus'},72947e94cd87df37172cbeb893d2089d,58d192453a793525df23639422084557,1b02aa705c14aeb73f2070e168d700a4,,
,1747851277000.0,{'mimeType': 'audio/ogg; codecs=opus'},72947e94cd87df37172cbeb893d2089d,58d192453a793525df23639422084557,16e976d6343cb304d667f523c6ae915c,['7f27cb91e33674783053d6813d1579b1'],
,1747851321000.0,{'mimeType': 'audio/ogg; codecs=opus'},72947e94cd87df37172cbeb893d2089d,58d192453a793525df23639422084557,b6ee2df79590f3352c81e7d34f86d145,['f02ee0ed89706dba46e694a48894dde8'],"[{'reaction': '😂', 'maskedReactingUserId': '6b45c145cd403154ccca1c7207552642'}]"
,1747851384000.0,{'mimeType': 'audio/ogg; codecs=opus'},72947e94cd87df37172cbeb893d2089d,58d192453a793525df23639422084557,60bc7702afbe861bd28126c4c3d504b8,['34e142609e80e1e4e9982b623d96e2d6'],"[{'reaction': '😂', 'maskedReactingUserId': '6cedc48259953269a74b64babd8361e8'}]"
,1747855908000.0,{'mimeType': 'audio/ogg; codecs=opus'},72947e94cd87df37172cbeb893d2089d,58d192453a793525df23639422084557,f84bfd9b3d9ce7945c7af05b6a8c1e84,['dacd255ccca61f749a95d3edb29a93d9'],"[{'reaction': '😂', 'maskedReactingUserId': '8abdfa62710a7dfac20adaf2e9b05efb'}]"
לילה טוב מושון,1747855885000.0,,72947e94cd87df37172cbeb893d2089d,58d192453a793525df23639422084557,ec4ac044945e8388ecad853a12268d4d,['1c2ac2fcb5d84b005c6d1b180103987c'],
,1747856033000.0,{'mimeType': 'audio/ogg; codecs=opus'},72947e94cd87df37172cbeb893d2089d,58d192453a793525df23639422084557,3c2242e0b4e318ad2bb305b9a506bd7a,['c6c33917cf7329a5a0d370ff74b50c7e'],
,1747886198000.0,{'mimeType': 'image/webp'},72947e94cd87df37172cbeb893d2089d,58d192453a793525df23639422084557,f3e9738b1202e0f9c158c96147b42a52,['f19142aa21dc6284f169e357a0bc8715'],"[{'reaction': '❤️', 'maskedReactingUserId': 'ce8caf542cb5305b472f236447b53d10'}]"
פשוט ממוטטטטט,1747886267000.0,,72947e94cd87df37172cbeb893d2089d,58d192453a793525df23639422084557,687f15413ed26fd9293f1c01c0130d17,,
,1747886336000.0,{'mimeType': 'audio/ogg; codecs=opus'},72947e94cd87df37172cbeb893d2089d,58d192453a793525df23639422084557,a35db3415e26e20f7b5a97d0b9d9efd4,,
,1747886451000.0,{'mimeType': 'audio/ogg; codecs=opus'},72947e94cd87df37172cbeb893d2089d,58d192453a793525df23639422084557,c0b904c0915a94337d416ee1080b8c5d,['e257139b2dcfb7380d64007c713ef19e'],
איזה התחלה של בוקר,1747886262000.0,,72947e94cd87df37172cbeb893d2089d,58d192453a793525df23639422084557,e956066ca37c74315930587a5bba7fc7,['20c7890ef4b3e0f620e625c1f9cceec3'],
אייל גולן-לב אחר,1747886503000.0,,72947e94cd87df37172cbeb893d2089d,58d192453a793525df23639422084557,7cb913579706f95ce4b15f8ecd648cd6,,
,1747886207000.0,{'mimeType': 'image/webp'},72947e94cd87df37172cbeb893d2089d,58d192453a793525df23639422084557,98ec8e20590151a9d92e0af360ae300d,,
בוקר טוב לכולםםם,1747886213000.0,,72947e94cd87df37172cbeb893d2089d,58d192453a793525df23639422084557,e110a6ce3bbfbd5c6ace6a5bd9a6664a,,
,1747886285000.0,{'mimeType': 'audio/ogg; codecs=opus'},72947e94cd87df37172cbeb893d2089d,58d192453a793525df23639422084557,370bdcd46f5b520aade5be062857672d,['031290edec546a7f758ff30a5db87db6'],"[{'reaction': '😂', 'maskedReactingUserId': '488b211a7877a2f62bb29eb93d3cfd27'}]"
,1747886289000.0,{'mimeType': 'audio/ogg; codecs=opus'},72947e94cd87df37172cbeb893d2089d,58d192453a793525df23639422084557,d8a0db5e150115afdc87c17596bfbbaf,['d5e03dba3be4003a8d19546532752b0a'],
,1747886375000.0,{'mimeType': 'audio/ogg; codecs=opus'},72947e94cd87df37172cbeb893d2089d,58d192453a793525df23639422084557,c53a7a5e83119777d095dcb184e509e5,['9c42111a1fba811323479bf7275bce29'],
,1747886502000.0,{'mimeType': 'audio/mp4'},72947e94cd87df37172cbeb893d2089d,58d192453a793525df23639422084557,ca9e8dd85b5b51f95112182f7532920a,['99eb1540c3fcca8f3284c29fd08062ff'],
קניתי קפה ביילו ונשפך לי על המכנס,1747886255000.0,,72947e94cd87df37172cbeb893d2089d,58d192453a793525df23639422084557,d14df98e06fbf0375f6d31631e9fe6fd,"['4199e5fd0e476892b44534fac4214580', '61ae62867eca7f5fcc867992877e2185']","[{'reaction': '😂', 'maskedReactingUserId': 'f1fb89a150fed986f429eebdbde85620'}, {'reaction': '😂', 'maskedReactingUserId': '3c14fc7489dc7012535f2ac6534fbd70'}]"
,1747886542000.0,{'mimeType': 'audio/ogg; codecs=opus'},72947e94cd87df37172cbeb893d2089d,58d192453a793525df23639422084557,3dac23b1d44847c8e2571ad28a382a73,"['698956158cde20095990ca060ce8c37a', '0c5c9cfecfd6ed614270279601095e5f']",
,1747886601000.0,{'mimeType': 'video/mp4'},72947e94cd87df37172cbeb893d2089d,58d192453a793525df23639422084557,89cb64d58ef8565ed0d05effa5e12939,,
,1747886627000.0,{'mimeType': 'audio/ogg; codecs=opus'},72947e94cd87df37172cbeb893d2089d,58d192453a793525df23639422084557,7750599f61c72ab645d792c76427e740,['600b80fb1415d6cd1dbc42cd03466c33'],
,1747886702000.0,{'mimeType': 'audio/ogg; codecs=opus'},72947e94cd87df37172cbeb893d2089d,58d192453a793525df23639422084557,aadfd6fa1a75ea31601aaf80e4cc4156,,
,1747886934000.0,{'mimeType': 'audio/ogg; codecs=opus'},72947e94cd87df37172cbeb893d2089d,58d192453a793525df23639422084557,e8d14018373c3659b558d6342af5f120,,
,1747887051000.0,{'mimeType': 'video/mp4'},72947e94cd87df37172cbeb893d2089d,58d192453a793525df23639422084557,d0208c03af071001708d134a37673e16,"['b5e388c6cff4c83a4edb3d6c981ec360', '801b584bfbbbc0722c320a825e19f6cc']",
,1747887210000.0,{'mimeType': 'audio/ogg; codecs=opus'},72947e94cd87df37172cbeb893d2089d,58d192453a793525df23639422084557,a6a88f967389251d2f145a9dd39d41d3,,
,1747886771000.0,{'mimeType': 'audio/ogg; codecs=opus'},72947e94cd87df37172cbeb893d2089d,58d192453a793525df23639422084557,9ed3a17d84a37f056b4728cb24981a58,['e3648e8dd90b2d02afc7bc2bca6245aa'],
@231756569514182 הןא מתחיל בשה 0705 בביקר,1747886796000.0,,72947e94cd87df37172cbeb893d2089d,58d192453a793525df23639422084557,8d94a3f2cade56a3d76c3bfecb40e645,,
,1747886894000.0,{'mimeType': 'audio/ogg; codecs=opus'},72947e94cd87df37172cbeb893d2089d,58d192453a793525df23639422084557,3a5d8d57216172dadbb6fb68fc9812ea,['99392ca34fe3d6bec61045ff914a5d1a'],"[{'reaction': '😂', 'maskedReactingUserId': 'f1fb89a150fed986f429eebdbde85620'}]"
,1747886872000.0,{'mimeType': 'audio/ogg; codecs=opus'},72947e94cd87df37172cbeb893d2089d,58d192453a793525df23639422084557,2827914fa7976572ac7da143876e8b8f,"['093444e7513641b2db11ef3eb1698f9d', 'f020d10d7e4377054df84a7b50387725']","[{'reaction': '😂', 'maskedReactingUserId': '6cedc48259953269a74b64babd8361e8'}, {'reaction': '😂', 'maskedReactingUserId': '6ac88d5629af5df74707329970eb6942'}, {'reaction': '😂', 'maskedReactingUserId': 'f1fb89a150fed986f429eebdbde85620'}]"
,1747886851000.0,{'mimeType': 'audio/ogg; codecs=opus'},72947e94cd87df37172cbeb893d2089d,58d192453a793525df23639422084557,3a4b2f0fa8f7891b425120340546bc47,['01b557b57cfb816e74d7f13cd70a9781'],
,1747887086000.0,{'mimeType': 'audio/ogg; codecs=opus'},72947e94cd87df37172cbeb893d2089d,58d192453a793525df23639422084557,c4de140202435f9ceb426be1b44cbe59,"['13b70b11db9cf859c884a149f1a57307', '1dc833dc75b3f03a46163ce3ef3279be']",
,1747887139000.0,{'mimeType': 'audio/ogg; codecs=opus'},72947e94cd87df37172cbeb893d2089d,58d192453a793525df23639422084557,5ec78229f11fbebc22ae0a5d17dda61f,,
,1747887249000.0,{'mimeType': 'audio/ogg; codecs=opus'},72947e94cd87df37172cbeb893d2089d,58d192453a793525df23639422084557,6d06518e66b6094ebe7369430e6d16be,,
,1747887263000.0,{'mimeType': 'audio/ogg; codecs=opus'},72947e94cd87df37172cbeb893d2089d,58d192453a793525df23639422084557,5fa2c5200ee0966f0513d2765a16499d,,
,1747887236000.0,{'mimeType': 'image/webp'},72947e94cd87df37172cbeb893d2089d,58d192453a793525df23639422084557,2e740585ff5a4882b31bff8b47b84953,,
בגללך,1747890041000.0,,72947e94cd87df37172cbeb893d2089d,58d192453a793525df23639422084557,23462232116d951c872544361a5037e1,['5c9875cce4a6ce5fc74d99ee765b0fd2'],
"לא תןדה
יש לי",1747894441000.0,,72947e94cd87df37172cbeb893d2089d,58d192453a793525df23639422084557,273434e89802fcff4f90495788dd713c,['91ea0ed51906574ba8e2d5bc390e291c'],
קפסולות,1747894499000.0,,72947e94cd87df37172cbeb893d2089d,58d192453a793525df23639422084557,37dca0a6f726bd92b4118c1162e43fbf,,"[{'reaction': '👍', 'maskedReactingUserId': 'fc158776d9d0b00abf862191fb054911'}]"
,1747900538000.0,{'mimeType': 'image/jpeg'},72947e94cd87df37172cbeb893d2089d,58d192453a793525df23639422084557,64ccc0dc985b77bb9dd714fd33b0d3ff,"['b0a03d9fb743568f8450b467b78340dd', 'd32916331069b0acd987f0bf1fbeeb01']",
,1747900538000.0,{'mimeType': 'image/jpeg'},72947e94cd87df37172cbeb893d2089d,58d192453a793525df23639422084557,ae763324d280b9f5b6e2cee95ee85f67,,
,1747900539000.0,{'mimeType': 'image/jpeg'},72947e94cd87df37172cbeb893d2089d,58d192453a793525df23639422084557,902d168cf62895e83867368d78dc97fd,,
,1747900629000.0,{'mimeType': 'audio/ogg; codecs=opus'},72947e94cd87df37172cbeb893d2089d,58d192453a793525df23639422084557,9f1584afd521237a96d4b2dc63c3f80d,['3d70f71505d8881b19a93e32e48e3ed1'],
,1747900537000.0,,72947e94cd87df37172cbeb893d2089d,58d192453a793525df23639422084557,9f1aa1e465930ee5d042005fc887c55d,['5d460eb541a7fd32f71fb4926ae9a163'],"[{'reaction': '😮', 'maskedReactingUserId': '36cb5862e72a4ead928599a32db3dfae'}, {'reaction': '😮', 'maskedReactingUserId': '36cb5862e72a4ead928599a32db3dfae'}]"
,1747900539000.0,{'mimeType': 'image/jpeg'},72947e94cd87df37172cbeb893d2089d,58d192453a793525df23639422084557,0f1d97b9a8d469521babac9f6ee8b391,,
וואוווווו,1747900739000.0,,72947e94cd87df37172cbeb893d2089d,58d192453a793525df23639422084557,03435f73517f7cc1b3f6bf436ae42050,,
יווו,1747900742000.0,,72947e94cd87df37172cbeb893d2089d,58d192453a793525df23639422084557,f349b5215eaa1c6d3a52d6bfd026eef1,,
,1747900760000.0,{'mimeType': 'audio/ogg; codecs=opus'},72947e94cd87df37172cbeb893d2089d,58d192453a793525df23639422084557,a6f0abf39e0053ecf60c903224b08258,,
זה כמו ריבה מרוסקת בבקבוק קלימרו,1747902159000.0,,72947e94cd87df37172cbeb893d2089d,58d192453a793525df23639422084557,f4ca5ae1ac57debf62f72b20e076699a,['3448b04f9d80f52a9c658f575ba30c48'],
"קיבלתי דיווח שתיכף יהיה אזעקה לפחות במרכז



שימו לב 
ושמרו על כצמכם",1747904024000.0,,72947e94cd87df37172cbeb893d2089d,58d192453a793525df23639422084557,e4fdf971e042e1a2d1cfff22229da735,['c825a5dc8f2703c2dc204eaa63bd82f2'],
הוא ביום כייף בסופרלנד,1747904064000.0,,72947e94cd87df37172cbeb893d2089d,58d192453a793525df23639422084557,8db2ce723d95116f8b22ef4dc0a54887,,
בתאבון אח יקר שלי,1747910109000.0,,72947e94cd87df37172cbeb893d2089d,58d192453a793525df23639422084557,f1d23d3aa237a72362576ca84fd31c4c,,"[{'reaction': '🙏🏻', 'maskedReactingUserId': '6cedc48259953269a74b64babd8361e8'}]"
אני מלטף ציפס,1747910125000.0,,72947e94cd87df37172cbeb893d2089d,58d192453a793525df23639422084557,151e7e5a33785c49f91246d5340cad2c,,"[{'reaction': '😂', 'maskedReactingUserId': '6cedc48259953269a74b64babd8361e8'}, {'reaction': '😂', 'maskedReactingUserId': '7eee7468c37a6e5a6dd7851ece63ca89'}]"
,1747916376000.0,{'mimeType': 'audio/ogg; codecs=opus'},72947e94cd87df37172cbeb893d2089d,58d192453a793525df23639422084557,5226d8790deb58d553e84af2bc15198a,,
,1747916397000.0,{'mimeType': 'audio/ogg; codecs=opus'},72947e94cd87df37172cbeb893d2089d,58d192453a793525df23639422084557,671582ac8a83aaa01e501a6665dd9623,['ec92517e154ff9ffc707a40de66c4ce6'],
"אני בישיבה 
עוד מעט אולי אזמזם",1747917210000.0,,72947e94cd87df37172cbeb893d2089d,58d192453a793525df23639422084557,a147027832d499cb01ba0f68a67226a3,['bb721a297886413151e6d0b4e38a0d61'],
,1747927577000.0,{'mimeType': 'video/mp4'},72947e94cd87df37172cbeb893d2089d,58d192453a793525df23639422084557,e2800809540934f8f3ba7fc5ba04722c,,
😂😂😂😂😂😂😂😂😂,1747927926000.0,,72947e94cd87df37172cbeb893d2089d,58d192453a793525df23639422084557,027664d0e7e7c38610e629160fc7b7e1,,
,1747929418000.0,{'mimeType': 'audio/ogg; codecs=opus'},72947e94cd87df37172cbeb893d2089d,58d192453a793525df23639422084557,322de0bda7ac3a1ee749445db9a24d6d,['338903a8ac555cd84baf4f0668643d1c'],"[{'reaction': '😂', 'maskedReactingUserId': '6cedc48259953269a74b64babd8361e8'}]"
מתה אמא שלהם,1747962784000.0,,72947e94cd87df37172cbeb893d2089d,58d192453a793525df23639422084557,5eee58bed1db539c5ae4b097a4100067,['f1dc58fae9e1c27427b0c506b709566e'],
לך לישון אתה יש לך עוד 3 שעות פינת ליטוף עופות,1747962977000.0,,72947e94cd87df37172cbeb893d2089d,58d192453a793525df23639422084557,9d9e0d4a0f7d9180a7f70aa5b7888a08,['1dc814387b431a37734ef39c2f9e832e'],
שעון מעורר,1747962835000.0,,72947e94cd87df37172cbeb893d2089d,58d192453a793525df23639422084557,5ea401a688de2891b9eded1f2a89ec00,['f5848dc1fbd22a243a7943ba6c54bd36'],"[{'reaction': '😂', 'maskedReactingUserId': '6cedc48259953269a74b64babd8361e8'}]"
תרגעו ילדים,1747962878000.0,,72947e94cd87df37172cbeb893d2089d,58d192453a793525df23639422084557,f9b0187550961e244a70e93ba6a55f95,,
איזה יירוט,1747962923000.0,,72947e94cd87df37172cbeb893d2089d,58d192453a793525df23639422084557,6a2625465dc388c872ed4c3bc12ea6f9,['9bd20a770289117cee481625037fbecd'],
אוחחחח,1747962925000.0,,72947e94cd87df37172cbeb893d2089d,58d192453a793525df23639422084557,0db49b3931bb0baa913c2e1c9d45c97f,,
תיכף אקריא לכם סיפור,1747962890000.0,,72947e94cd87df37172cbeb893d2089d,58d192453a793525df23639422084557,f914c8ba745326680650b24785a9a774,['99db5d461c9be2994c46bbacfcd109bb'],
סליחה באבאאא,1747963001000.0,,72947e94cd87df37172cbeb893d2089d,58d192453a793525df23639422084557,51d2c3a515a7503b8ecf66cdf06ccacc,['035fb5d588e1074e7bfca2b8c6e46147'],
תודה על העדכון,1747963175000.0,,72947e94cd87df37172cbeb893d2089d,58d192453a793525df23639422084557,c6455162df0dd2b2732154fe4f557fd9,,
יפה מאוד,1747963212000.0,,72947e94cd87df37172cbeb893d2089d,58d192453a793525df23639422084557,caca3c9058089130de719b223881dd40,,
אתה רואה לא רק אתה משתולל,1747963221000.0,,72947e94cd87df37172cbeb893d2089d,58d192453a793525df23639422084557,c138a1f18628fb06d3239d0f95bdf8f0,['c877386099dd993db172cb438493864f'],"[{'reaction': '😂', 'maskedReactingUserId': '6cedc48259953269a74b64babd8361e8'}]"
אני יענוד דום,1747963242000.0,,72947e94cd87df37172cbeb893d2089d,58d192453a793525df23639422084557,2dfec796fc0a1171bc71fbf56a24a023,,
אה באבאאאאא,1747963267000.0,,72947e94cd87df37172cbeb893d2089d,58d192453a793525df23639422084557,679450cf6d5d68c3e47f7355d7bd1567,,
,1747963300000.0,{'mimeType': 'audio/ogg; codecs=opus'},72947e94cd87df37172cbeb893d2089d,58d192453a793525df23639422084557,daa49efabd5eb45caefc2bf65d5a62de,,"[{'reaction': '😂', 'maskedReactingUserId': '6cedc48259953269a74b64babd8361e8'}, {'reaction': '😂', 'maskedReactingUserId': '488b211a7877a2f62bb29eb93d3cfd27'}]"
באבאא קטנה מקלידה,1747963237000.0,,72947e94cd87df37172cbeb893d2089d,58d192453a793525df23639422084557,9002f1fed457e84a970859b9bccdadb4,['0a56562f147d8f5599f029ffe9a32962'],
בוא נשיר את התקווה,1747963252000.0,,72947e94cd87df37172cbeb893d2089d,58d192453a793525df23639422084557,587a94108716bd1015cdf164368b4e10,,"[{'reaction': '😂', 'maskedReactingUserId': '6cedc48259953269a74b64babd8361e8'}]"
@179229069176907,1747963323000.0,,72947e94cd87df37172cbeb893d2089d,58d192453a793525df23639422084557,bc4cf302d5a1310705b317a279e81a65,,
יוו,1747963231000.0,,72947e94cd87df37172cbeb893d2089d,58d192453a793525df23639422084557,5c0c013ac3d5688db0c58a3c7a463a5d,,
רגע,1747963238000.0,,72947e94cd87df37172cbeb893d2089d,58d192453a793525df23639422084557,23063d2d27c4210d535012926bc33ce7,,
@153661196001365 מזל טוב באבאאאאא עד 120🎊🎂🥂🎁,1747965723000.0,,72947e94cd87df37172cbeb893d2089d,58d192453a793525df23639422084557,82494d6fe6c92dc64f9fd5ef545d73ec,,"[{'reaction': '❤️', 'maskedReactingUserId': 'fc158776d9d0b00abf862191fb054911'}]"
,1747977356000.0,{'mimeType': 'image/webp'},72947e94cd87df37172cbeb893d2089d,58d192453a793525df23639422084557,b6477d7ad8e6a06a80704520834b082d,,
באבאא אל תשיר שלא יטפטף פתאום שטפתי תרכב אתמול,1747977589000.0,,72947e94cd87df37172cbeb893d2089d,58d192453a793525df23639422084557,85f30a8459af99957d00306f8f92a6fd,,"[{'reaction': '😂', 'maskedReactingUserId': '6cedc48259953269a74b64babd8361e8'}]"
,1747978918000.0,{'mimeType': 'image/jpeg'},72947e94cd87df37172cbeb893d2089d,58d192453a793525df23639422084557,fdd87b55138fad48f3daba13614c1061,,
,1747978918000.0,{'mimeType': 'audio/mpeg'},72947e94cd87df37172cbeb893d2089d,58d192453a793525df23639422084557,7a5bebb45fb0d036ba932e03fac79e6b,,
,1747978871000.0,{'mimeType': 'video/mp4'},72947e94cd87df37172cbeb893d2089d,58d192453a793525df23639422084557,11eb6de520bc8f336f95056eb7866efc,,
,1747985424000.0,{'mimeType': 'image/jpeg'},72947e94cd87df37172cbeb893d2089d,58d192453a793525df23639422084557,c4e9a0fbefb76da5fb9af175839dde9b,['df0300928582f8d2dd9cfb6c6624d5f9'],
,1747985441000.0,{'mimeType': 'audio/ogg; codecs=opus'},72947e94cd87df37172cbeb893d2089d,58d192453a793525df23639422084557,76d1979edc3ceb7e57f3f97b6c3f4bc7,,
אני בדרך לשתות אספרסו וסןדה עם חברים,1747985567000.0,,72947e94cd87df37172cbeb893d2089d,58d192453a793525df23639422084557,f137d47753ca4ac6f7e3c41220060e3c,,
,1747985583000.0,{'mimeType': 'audio/ogg; codecs=opus'},72947e94cd87df37172cbeb893d2089d,58d192453a793525df23639422084557,ae7d07490a421cbd90b5e75d43d1106f,"['018a2aed23035f5f3c8c53fe4938b647', 'bb31263b558f4b2c692f03b388e0423c']","[{'reaction': '😂', 'maskedReactingUserId': '6cedc48259953269a74b64babd8361e8'}]"
,1747990119000.0,{'mimeType': 'image/jpeg'},72947e94cd87df37172cbeb893d2089d,58d192453a793525df23639422084557,9eb1938c1d5d84c1ed0fa5e7dd85fa76,,
,1747990125000.0,{'mimeType': 'image/jpeg'},72947e94cd87df37172cbeb893d2089d,58d192453a793525df23639422084557,90165317648646b2886d8b83465efda8,,
,1747990135000.0,{'mimeType': 'image/jpeg'},72947e94cd87df37172cbeb893d2089d,58d192453a793525df23639422084557,ed17f4a15678033b717cb6d7a01ee14e,['9155472f0e031f6476354c4d147bb7ac'],"[{'reaction': '👍', 'maskedReactingUserId': 'b56d54489b692b27a3052876dc8c8665'}]"
,1747990146000.0,{'mimeType': 'image/jpeg'},72947e94cd87df37172cbeb893d2089d,58d192453a793525df23639422084557,65fb730ad83a9e91c02dffc50c24af34,['04ab2afa8366fbdcd909508d0b4bf4d9'],"[{'reaction': '👍', 'maskedReactingUserId': 'b56d54489b692b27a3052876dc8c8665'}]"
,1747991087000.0,{'mimeType': 'image/jpeg'},72947e94cd87df37172cbeb893d2089d,58d192453a793525df23639422084557,e4d38c76dbc58f70a5c658439845bf1e,['fd7a4910062343c5a5821aab2b1e4025'],
כל הקודם זוכה,1747991105000.0,,72947e94cd87df37172cbeb893d2089d,58d192453a793525df23639422084557,934ecd6015321776d614d496bc31d248,,
דובדבנים ב20,1747991098000.0,,72947e94cd87df37172cbeb893d2089d,58d192453a793525df23639422084557,c8c3c67f23a40bee3c927b428a782d85,,
,1747991390000.0,{'mimeType': 'audio/ogg; codecs=opus'},72947e94cd87df37172cbeb893d2089d,58d192453a793525df23639422084557,deeab8bc6c147190c6bd7fdc33fff204,,"[{'reaction': '😂', 'maskedReactingUserId': 'f1fb89a150fed986f429eebdbde85620'}]"
,1747991401000.0,{'mimeType': 'audio/ogg; codecs=opus'},72947e94cd87df37172cbeb893d2089d,58d192453a793525df23639422084557,241c4c2593a70c595de2161629f92388,['4181daec8cb1afd0685400823d15c439'],"[{'reaction': '❤️', 'maskedReactingUserId': '488b211a7877a2f62bb29eb93d3cfd27'}]"
,1748002388000.0,{'mimeType': 'image/webp'},72947e94cd87df37172cbeb893d2089d,58d192453a793525df23639422084557,71d0719336e486b16f96121af4b3015e,,"[{'reaction': '😂', 'maskedReactingUserId': '6b45c145cd403154ccca1c7207552642'}]"
,1748002427000.0,{'mimeType': 'image/webp'},72947e94cd87df37172cbeb893d2089d,58d192453a793525df23639422084557,62b9ffa30ad2264407144f7b038a4464,['5ef0598b25e4c32fd5b0009c9e51a586'],
"אה באבאאאאאאא
מה קורה ?",1748002414000.0,,72947e94cd87df37172cbeb893d2089d,58d192453a793525df23639422084557,96f04757d3ccf6cb5ee528f7818a98ab,['7cf049d71c4c18dbca7a0ce3e9e7ba08'],
חידה: כמה ביצים בתמונה,1748002383000.0,{'mimeType': 'image/jpeg'},72947e94cd87df37172cbeb893d2089d,58d192453a793525df23639422084557,3841ac05493caa2663429cc722e79a91,"['3aa72da7e3c76859014deae26e8b3045', 'bdcd52a69c59adf2294e3c099a3f3476', '4f4cd600466c3c43901621f7856a69be', 'd9c81c73ccd7165275d1f4c8c3ae506b', 'a2f2c9e7a251ecd44f633070a8ef04fb']",
וואלה טוב ברוך השם 🙏🏻,1748002439000.0,,72947e94cd87df37172cbeb893d2089d,58d192453a793525df23639422084557,f886fcb4d012e10df268b9367e97c1a1,,
👏,1748002626000.0,,72947e94cd87df37172cbeb893d2089d,58d192453a793525df23639422084557,d112f342fadb2a5dbb9aa38f52da1684,['639de45cee9cb83b4d7ac645e548e0d1'],
מתי הפגנה?,1748002709000.0,,72947e94cd87df37172cbeb893d2089d,58d192453a793525df23639422084557,7340b54f570ba15c22d9faab51d2cadf,['e9c43fec508cf022a568456fdb140c22'],
,1748002734000.0,{'mimeType': 'audio/ogg; codecs=opus'},72947e94cd87df37172cbeb893d2089d,58d192453a793525df23639422084557,7a17d71f95a35a610ed5c14ddab3861a,['9438b655a3b314d2fd25a9b85514f1bf'],
היא בהמתנה,1748002674000.0,,72947e94cd87df37172cbeb893d2089d,58d192453a793525df23639422084557,848a38c3a1e2add8279bdb39b3a93729,['87a6654e4cb651c6da7967406e72d54c'],
,1748002565000.0,{'mimeType': 'image/webp'},72947e94cd87df37172cbeb893d2089d,58d192453a793525df23639422084557,f84d147e6b36f09d565fa2eb6c5d9994,,
בתאבון באבאאא,1748002636000.0,,72947e94cd87df37172cbeb893d2089d,58d192453a793525df23639422084557,313aeb0c0748c267b2b07ddb8e81c98d,['88ce42f23f00182b0a9304ce33dabb29'],
,1748002889000.0,{'mimeType': 'audio/ogg; codecs=opus'},72947e94cd87df37172cbeb893d2089d,58d192453a793525df23639422084557,7370310bd367d0cbf05a353518da2fc2,,
אני יביא תבניות 🥚🥚,1748002776000.0,,72947e94cd87df37172cbeb893d2089d,58d192453a793525df23639422084557,efd5b5d8d7e1902c349c044afd0e1c7f,,"[{'reaction': '😂', 'maskedReactingUserId': '3eebcedb9ab08843af084a87b24ac657'}]"
@261297337839687 אתה רואה באבא המטומטם מתחיל איתי שלא תגידו שאני התחלתי,1748002927000.0,,72947e94cd87df37172cbeb893d2089d,58d192453a793525df23639422084557,2412b16a90eb0663734fa6275cafa27d,['b30945ffb9ede448dbde018db26f9496'],
"אני מכריז בזאת 
שכרגע שתיתי בקבוק סודה קר עם פלח לימון בפנים

שמעון",1748003085000.0,,72947e94cd87df37172cbeb893d2089d,58d192453a793525df23639422084557,d2a8f4ad2b399899c91a65884445fe88,"['7ff8a93e3bed33f948c4b6c9efde3b0d', 'b865d34798057c277fa34977ae21b361', '770893e8efd19b21dd066f5c19530fd2', 'b7d9f9427dc47c84781302bac5220924']",
לפי ההלכה אסור לפני כניסת שבת,1748003156000.0,,72947e94cd87df37172cbeb893d2089d,58d192453a793525df23639422084557,874c2c5e4dfb5bb1a6cad32f77bcfe62,,"[{'reaction': '🙏', 'maskedReactingUserId': '6b45c145cd403154ccca1c7207552642'}]"
אני לא מקליט עד יום ראשון,1748003244000.0,,72947e94cd87df37172cbeb893d2089d,58d192453a793525df23639422084557,18a012b873bbf50ec45ff2cbc0801615,['44791a78094a93da98d62e714c851e1d'],
,1748003328000.0,{'mimeType': 'image/webp'},72947e94cd87df37172cbeb893d2089d,58d192453a793525df23639422084557,5429d2c0e186e149b99a2567382be69f,,
,1748003282000.0,{'mimeType': 'audio/ogg; codecs=opus'},72947e94cd87df37172cbeb893d2089d,58d192453a793525df23639422084557,e7ed4b5d542d60a870df290a5d38d609,,"[{'reaction': '😮', 'maskedReactingUserId': '488b211a7877a2f62bb29eb93d3cfd27'}]"
,1748003446000.0,{'mimeType': 'audio/ogg; codecs=opus'},72947e94cd87df37172cbeb893d2089d,58d192453a793525df23639422084557,228c24b7ce43732c99295014c540ad6a,"['8bc8d320c5163177a6b2686d888a7b00', 'f6d58763f661adb56b0ccae69adc8c2c', 'd464f8b05f5ad6f73230d41916eb17ae', 'd2131785143cc858fbd88966990d0957']","[{'reaction': '😮', 'maskedReactingUserId': '488b211a7877a2f62bb29eb93d3cfd27'}, {'reaction': '😂', 'maskedReactingUserId': '3c14fc7489dc7012535f2ac6534fbd70'}]"
אני לא יקליט פה יותררררר,1748003464000.0,,72947e94cd87df37172cbeb893d2089d,58d192453a793525df23639422084557,53561d92852ead4e5ea89a85549c80ea,['8ee9cd9245ba08e371c2f003d53f3970'],
חלאססססס,1748003467000.0,,72947e94cd87df37172cbeb893d2089d,58d192453a793525df23639422084557,f9999749d51fcd1d65fac184c0a28c5f,,
,1748003794000.0,{'mimeType': 'image/webp'},72947e94cd87df37172cbeb893d2089d,58d192453a793525df23639422084557,1dd2c28a0a5868f1db66ab3c841aa5e8,,
,1748003834000.0,{'mimeType': 'audio/ogg; codecs=opus'},72947e94cd87df37172cbeb893d2089d,58d192453a793525df23639422084557,23b71834356e47c8ccef1e941f76dd0e,,"[{'reaction': '😂', 'maskedReactingUserId': '488b211a7877a2f62bb29eb93d3cfd27'}, {'reaction': '😂', 'maskedReactingUserId': '3c14fc7489dc7012535f2ac6534fbd70'}]"
,1748003793000.0,{'mimeType': 'image/webp'},72947e94cd87df37172cbeb893d2089d,58d192453a793525df23639422084557,98b383cc3d9dd61daff8a78cb42c1306,,
,1748003869000.0,{'mimeType': 'audio/ogg; codecs=opus'},72947e94cd87df37172cbeb893d2089d,58d192453a793525df23639422084557,21d1ff3c5c2fc22e19c63b23d0fd484e,['83ccfb779c0c4b4c8e245893cb5f542e'],
,1748004120000.0,{'mimeType': 'image/webp'},72947e94cd87df37172cbeb893d2089d,58d192453a793525df23639422084557,2c52cc1b9141aebc1eb58dca1132dc85,['878a199e72f74ac6569a35b690d1e863'],"[{'reaction': '😂', 'maskedReactingUserId': '6ac88d5629af5df74707329970eb6942'}, {'reaction': '😂', 'maskedReactingUserId': '488b211a7877a2f62bb29eb93d3cfd27'}]"
,1748004972000.0,{'mimeType': 'audio/ogg; codecs=opus'},72947e94cd87df37172cbeb893d2089d,58d192453a793525df23639422084557,cd0486be9370de9f82cfc66e2e95c889,['ce52c8278742ece5a6baf8a2053c8f6f'],
Objectin✊🏼,1748005315000.0,,72947e94cd87df37172cbeb893d2089d,58d192453a793525df23639422084557,fc8f1da2b2853baddad31ee2f84dd329,,"[{'reaction': '😂', 'maskedReactingUserId': '6b45c145cd403154ccca1c7207552642'}, {'reaction': '😂', 'maskedReactingUserId': '3c14fc7489dc7012535f2ac6534fbd70'}]"
מעמד מול המראה בלובי דווקא מכובד באבאאא,1748005721000.0,,72947e94cd87df37172cbeb893d2089d,58d192453a793525df23639422084557,b1afc878736d3466007595fd060c90e3,,
בתאבון באבא,1748007360000.0,,72947e94cd87df37172cbeb893d2089d,58d192453a793525df23639422084557,b4ef5498c3721522bdfe82eb45367da0,['b4bec4f4232f47eb478646d99d6b0c99'],
,1748007869000.0,{'mimeType': 'audio/ogg; codecs=opus'},72947e94cd87df37172cbeb893d2089d,58d192453a793525df23639422084557,10d6d6314cf298a5a45a30959a5a18e9,['2d6ab04cc5a309f84fbef77c83cba58e'],"[{'reaction': '😂', 'maskedReactingUserId': '6b45c145cd403154ccca1c7207552642'}]"
,1748007750000.0,{'mimeType': 'image/jpeg'},72947e94cd87df37172cbeb893d2089d,58d192453a793525df23639422084557,a41add03a23b82063ac10c2f1feb470a,"['f7f4fc8d80389c54643bd9b4f0fa55eb', '1ac6ba1ec487fb1db0d1ad56f39cc1f4', '30bb34c8d87529696cf9a11bd35f2d28']",
עוד מחרבת מסטול😂😂😂😂,1748007769000.0,,72947e94cd87df37172cbeb893d2089d,58d192453a793525df23639422084557,08ca3f55a18fb5d7d3e246717f5bc32d,,"[{'reaction': '😂', 'maskedReactingUserId': '6b45c145cd403154ccca1c7207552642'}]"
,1748007786000.0,{'mimeType': 'audio/ogg; codecs=opus'},72947e94cd87df37172cbeb893d2089d,58d192453a793525df23639422084557,634fb1f7298550ade8713ecb4497bfb2,,"[{'reaction': '❤️', 'maskedReactingUserId': '6b45c145cd403154ccca1c7207552642'}]"
,1748008070000.0,{'mimeType': 'audio/ogg; codecs=opus'},72947e94cd87df37172cbeb893d2089d,58d192453a793525df23639422084557,ef95ea1ea89e1f8e7a93d6dd961e094d,,
,1748008111000.0,{'mimeType': 'audio/ogg; codecs=opus'},72947e94cd87df37172cbeb893d2089d,58d192453a793525df23639422084557,ebaca9d18d16c5208544d3bcfc5425e0,"['74794b517c55b8024964f8d2ba4b6cce', '310e508bd0e13327491c8ef9467015f8']",
,1748008005000.0,{'mimeType': 'audio/ogg; codecs=opus'},72947e94cd87df37172cbeb893d2089d,58d192453a793525df23639422084557,d2e5cd68bcb0c3ef6fb3059670558f0d,,
,1748008014000.0,{'mimeType': 'image/webp'},72947e94cd87df37172cbeb893d2089d,58d192453a793525df23639422084557,832278d92b661515390093a15e871881,,
סטייק עסיסי עם וטמין c,1748008051000.0,,72947e94cd87df37172cbeb893d2089d,58d192453a793525df23639422084557,8f3ae9d97eacdd0355a72be71fe6028d,['9766ad1c654ae4887f332e5e7b14d1a0'],
זה סוס מת,1748008092000.0,,72947e94cd87df37172cbeb893d2089d,58d192453a793525df23639422084557,62a718ce65f18f126ecf03412823bb22,,
,1748008260000.0,{'mimeType': 'image/jpeg'},72947e94cd87df37172cbeb893d2089d,58d192453a793525df23639422084557,db5591da14d0679a0f6badafe320aa96,"['808d483025205d3471d8a5de0bc21b00', '9e9a7680c6291ef3865c5a8bf87830c1', '75c5458831421bcf51e89c5f283d7e9c']","[{'reaction': '❤️', 'maskedReactingUserId': 'f1fb89a150fed986f429eebdbde85620'}]"
,1748008238000.0,{'mimeType': 'audio/ogg; codecs=opus'},72947e94cd87df37172cbeb893d2089d,58d192453a793525df23639422084557,5e148a7b4d96faca1008fa6b36adc28c,,
,1748008311000.0,{'mimeType': 'image/jpeg'},72947e94cd87df37172cbeb893d2089d,58d192453a793525df23639422084557,0344fb953d2fa57bd62dac067c0ac1aa,"['aca83cc57ea9fd4f0a09a001f5f9536c', 'f4c2cbcf7eada16d160d066d6e77d400']",
,1748008157000.0,{'mimeType': 'audio/ogg; codecs=opus'},72947e94cd87df37172cbeb893d2089d,58d192453a793525df23639422084557,f6acea35a38561f02252e409724f360a,['226abc19c2aaaf31f9750e2396b935d5'],
סוס מת,1748008189000.0,,72947e94cd87df37172cbeb893d2089d,58d192453a793525df23639422084557,92b82162c490dc43b3d8ecd8bf9f5b6a,,
,1748008355000.0,{'mimeType': 'audio/ogg; codecs=opus'},72947e94cd87df37172cbeb893d2089d,58d192453a793525df23639422084557,aeecc0da7394c6926f92ffb37c6578e4,,
אוחחחחח איזה אוזניים אני נמס,1748008548000.0,{'mimeType': 'image/jpeg'},72947e94cd87df37172cbeb893d2089d,58d192453a793525df23639422084557,64df61ee9aff8fa2352719788906edbe,"['816481abecec82806204a57f9b2222e0', '998667756bf52359108a341224c7e8de']","[{'reaction': '❤️', 'maskedReactingUserId': 'f1fb89a150fed986f429eebdbde85620'}, {'reaction': '❤️', 'maskedReactingUserId': '6ac88d5629af5df74707329970eb6942'}]"
ממש,1748008577000.0,,72947e94cd87df37172cbeb893d2089d,58d192453a793525df23639422084557,8455c39f1d51b08a3265f7fa3b6ca613,,
גם אתה מתחיל להשתולל,1748012650000.0,,72947e94cd87df37172cbeb893d2089d,58d192453a793525df23639422084557,61481d4871061c0b09c9fb5963956f9b,,
/9j/4AAQSkZJRgABAQAAAQABAAD/4gHYSUNDX1BST0ZJTEUAAQEAAAHIAAAAAAQwAABtbnRyUkdCIFhZWiAH4AABAAEAAAAAAABhY3NwAAAAAAAAAAAAAAAAAAAAAAAAAAAAAAAAAAAAAQAA9tYAAQAAAADTLQAAAAAAAAAAAAAAAAAAAAAAAAAAAAAAAAAAAAAAAAAAAAAAAAAAAAAAAAAAAAAAAAAAAAlkZXNjAAAA8AAAACRyWFlaAAABFAAAABRnWFlaAAABKAAAABRiWFlaAAABPAAAABR3dHB0AAABUAAAABRyVFJDAAABZAAAAChnVFJDAAABZAAAAChiVFJDAAABZAAAAChjcHJ0AAABjAAAADxtbHVjAAAAAAAAAAEAAAAMZW5VUwAAAAgAAAAcAHMAUgBHAEJYWVogAAAAAAAAb6IAADj1AAADkFhZWiAAAAAAAABimQAAt4UAABjaWFlaIAAAAAAAACSgAAAPhAAAts9YWVogAAAAAAAA9tYAAQAAAADTLXBhcmEAAAAAAAQAAAACZmYAAPKnAAANWQAAE9AAAApbAAAAAAAAAABtbHVjAAAAAAAAAAEAAAAMZW5VUwAAACAAAAAcAEcAbwBvAGcAbABlACAASQBuAGMALgAgADIAMAAxADb/2wBDAAYEBQYFBAYGBQYHBwYIChAKCgkJChQODwwQFxQYGBcUFhYaHSUfGhsjHBYWICwgIyYnKSopGR8tMC0oMCUoKSj/2wBDAQcHBwoIChMKChMoGhYaKCgoKCgoKCgoKCgoKCgoKCgoKCgoKCgoKCgoKCgoKCgoKCgoKCgoKCgoKCgoKCgoKCj/wAARCABkAGQDASIAAhEBAxEB/8QAHAABAAIDAQEBAAAAAAAAAAAAAAQFAwYHAggB/8QANxAAAQMDAgIIBAMJAQAAAAAAAQACAwQFERIhBjEHEyJBUWFxoTKBsdEUQnIjJTNSU1SRkuHB/8QAGgEBAAMBAQEAAAAAAAAAAAAAAAIDBAEFBv/EAC0RAAIBAQUFBwUAAAAAAAAAAAABAgMEBREhMRITMkFhBhQiM0Nx0SMkUaHB/9oADAMBAAIRAxEAPwD6VREVBMj3BmqkeQMuZ2x8lBp3aKqJ+didB+fL3wrZUjmFrHxg9phLQfTkfoVdTzTiVzyaZdovEMglhZIOTmgr2qSwIiIAiIgCIiAIiIAiIgNZ4lpau58R2K2QV1XR0kraiapdSyGN5DAzT2hy3d7+igyM4doKu6RVVTfJ/wAC2MvlfcZQJHPcWBrSHjJDm6cnABzk7HE7iWqq7ZxHYrnBQ1dZSRNqIaltLGZHgPDNPZHPdvt6KuZDw46aedtJxBQa2RtbroahwjcyUyNcAWuGdRGx225bnOd8Twwx6+3yYqnG/wC+x+T01qnrbdRUlwvUEldE2VhhvOWtBcRsXPIeRg7NzyVRR9ITLHYKajuHXXK9QukinGdIaWyOaNbj34A7ifHmpV9uFtoLI5tEOIHtpWOnDXUJZFJK2R0wc8uYNI1nJ042GO5cYrJ3QwvlcTJITkucclzidyVnrVXTa2dWfQdnbqp22c61Z+GPJc2/jD9nYLd0sU0lQG3G1y00J26yKbrtPmRpacemT5Lo9JUw1lLFUUsrJYJWhzHsOQ4FfJ1vrXzymOQDlkELtPQhWzSUd1oXuJhp3xyxg/l16sgeWWZ9SVKz2icp7Ez1r3uihSod4s+SWqOmoiLcfLBERAEREAREQBYqphkppWDmWnHqsqIDXq6njuFump5RmOeMtI8QQuB3u0zWytloK5hJaAWuI2kYfhcPX2II7l9C6dD5I/5HED05j2IWu8acPsv1knjhZ+8qQOnpSObwd3R+hx/nBUbdQ3sNqOqPVuK8u5VnCfBLXp1OFwU0VNqcwY23JPcu89FXD8tlsclRWsMdZXOEjmO2LGAdhp89yT4asdy0jok4ejvFyfc6tmujoi3q2kbPlIyM/pGDjxI8F2xYrHR9SR63aG8U/s6Wi1+Ai8vkYwZe9rR5nCwuradvKQO/QC76L0Em9D5TFIkIoTq/+nC8+biB91idV1DuRjZ6AlSVOTIuaLJFVddUf3D/APVv2RS3TObxFqiIqiYREQFbXt01bT3PZ7g/9CwEA45gjkQcEfNWNbCJItWcOZlwP/ihwwPmdjWGNxkEDJK0QktnMqlF45FdbLXR2undBb4jTwueZSxj3YLjzPNS9A73SH1efupwoGfmllPzA+gXoUEA5h7vV5+65twWSR2SnJ4yeZW6YmuwGt1HuAySs7IZ3/DCQPF50/8AfZWccbIm6Y2NaPADC9LjqvkFT/JXsopT8cjG+TRn3P2WVtBEPjdI/wBXY+mFLRQc5PmTUUjAKOmA/gRn1aCizoo4s7ggiIuAIiIDW+PbvWWSztq6OezRNy5r23F0gdKcDSyIM3c477eih8BX6svM88dY+zzNbRwVLX2173hnWF/YeXE4dhucL10iC7sitlRYaWplqYXzOElLTRzSMd1fYBLwdLHODQ7GCRyKtuEoJorMZaq3toJqioml6rqY4pCwvPVmQM7OrTjPvutOSpFWbmXCIizFoREQBERAEREAREQBERAal0km3i2UIuVNZakOncI47nHJJk6cnQ2NrjnA325LD0U1Fvdw/VUdukhLqarlfLHBSvgiiMji4NZqALmjBGTvtyAwpXSOLuLB1lkldTyRNne6ePQJGOEDzGA5+wDnhrTjfcDvJFhwc6udw/E+5ddrklkkidOGCZ0Rd2DL1fZL8cyPLO+Vpb+kVeoXKIizFoREQBERAEREAREQBERAaP0txxzWSgjnjZNE6WqzHINTciinc12PEFoIPcVm6Ip/xfA8VUIooBNWVTxBA3TFF+2cNLG/lbtnHmURaX5JSvMNyREWYuCIiAIiIAiIgP/Z,1748012726000.0,,72947e94cd87df37172cbeb893d2089d,58d192453a793525df23639422084557,ba9eb913eedddd4260e93e4cb83f3dfc,"['4b8de64e8be3ad1b9e3ef5b5722c9af0', 'a88964c6c9566d8acb0735b535750d57', 'dff3703211c272465f93ac84e261d33f']",
,1748012758000.0,{'mimeType': 'audio/ogg; codecs=opus'},72947e94cd87df37172cbeb893d2089d,58d192453a793525df23639422084557,9fd20bc9b36730434a4ee1b9cf1318e5,['b3ace2c8478895cf15e1893323e42a65'],
תכין לחמנייה עם המבורגר הוא יבוא לקחת,1748012789000.0,,72947e94cd87df37172cbeb893d2089d,58d192453a793525df23639422084557,09327927deb98c2f9bb5c5644d994123,,
יש פה חתלתולים?,1748012813000.0,,72947e94cd87df37172cbeb893d2089d,58d192453a793525df23639422084557,f4af6e216932788a94e5b4b91cedbf1f,['a7a583b63aaf8abcb37ceb05334ab6a8'],"[{'reaction': '😂', 'maskedReactingUserId': '3c14fc7489dc7012535f2ac6534fbd70'}]"
,1748012895000.0,{'mimeType': 'image/jpeg'},72947e94cd87df37172cbeb893d2089d,58d192453a793525df23639422084557,0bfafb7d9aba876f455bc0ab55a05f5f,,
,1748013397000.0,{'mimeType': 'video/mp4'},72947e94cd87df37172cbeb893d2089d,58d192453a793525df23639422084557,722498479fc46bc618e8ae55c2e7d16e,"['d54f1367e05d52c01a833cb308d5fbc0', '11e6553b485801fbbbc03b16bd4fe75e']",
בוודאי,1748013398000.0,,72947e94cd87df37172cbeb893d2089d,58d192453a793525df23639422084557,2b48a53aa59cff6cace3a5f73cebef59,,
,1748013436000.0,{'mimeType': 'image/webp'},72947e94cd87df37172cbeb893d2089d,58d192453a793525df23639422084557,400507eff417e7eda9f4d61bfbebe5aa,,
,1748013398000.0,{'mimeType': 'image/webp'},72947e94cd87df37172cbeb893d2089d,58d192453a793525df23639422084557,93ff611bc662d43765b75eb8b40e2892,,
,1748013586000.0,{'mimeType': 'audio/ogg; codecs=opus'},72947e94cd87df37172cbeb893d2089d,58d192453a793525df23639422084557,a6afc65bf61f4104dc24f554b633b29f,['5c6479c98f123c825263722dbe5ddd1f'],"[{'reaction': '❤️', 'maskedReactingUserId': '6cedc48259953269a74b64babd8361e8'}]"
,1748013510000.0,{'mimeType': 'audio/ogg; codecs=opus'},72947e94cd87df37172cbeb893d2089d,58d192453a793525df23639422084557,0ab9940804babe8cf439b78ae4f9e2a4,,
,1748013445000.0,{'mimeType': 'audio/ogg; codecs=opus'},72947e94cd87df37172cbeb893d2089d,58d192453a793525df23639422084557,e3dc9aec407f2a30ac5ee6f72cbe00a5,['90472b507c66e9b00737e413ca82fd08'],
טוב מאוד באבא,1748013884000.0,,72947e94cd87df37172cbeb893d2089d,58d192453a793525df23639422084557,f5138307384b64af2c241dd1ea2a5777,,
גוד שאבס 💙💛💙💛,1748014072000.0,{'mimeType': 'video/mp4'},72947e94cd87df37172cbeb893d2089d,58d192453a793525df23639422084557,383fc9055ee28bd566c1081e3309928e,,
,1748015120000.0,{'mimeType': 'audio/ogg; codecs=opus'},72947e94cd87df37172cbeb893d2089d,58d192453a793525df23639422084557,de0cabc49d04368d88422befc094fb5a,,
,1748015061000.0,{'mimeType': 'audio/ogg; codecs=opus'},72947e94cd87df37172cbeb893d2089d,58d192453a793525df23639422084557,955305914d7e5b959158ffd9931dd8b9,['fcc252997f0d0557f63c269d64831093'],"[{'reaction': '😂', 'maskedReactingUserId': '6cedc48259953269a74b64babd8361e8'}, {'reaction': '😂', 'maskedReactingUserId': 'fc158776d9d0b00abf862191fb054911'}, {'reaction': '😂', 'maskedReactingUserId': 'f1fb89a150fed986f429eebdbde85620'}]"
,1748015144000.0,{'mimeType': 'audio/ogg; codecs=opus'},72947e94cd87df37172cbeb893d2089d,58d192453a793525df23639422084557,433dc6041bbc02d832df66f93203e8ba,,
,1748015186000.0,{'mimeType': 'audio/ogg; codecs=opus'},72947e94cd87df37172cbeb893d2089d,58d192453a793525df23639422084557,8b89a713912c9395ef121a4a8ae974f0,['92371bc8877e61eba404d26b5b50810b'],
,1748015206000.0,{'mimeType': 'audio/ogg; codecs=opus'},72947e94cd87df37172cbeb893d2089d,58d192453a793525df23639422084557,20ac69ea920f30308aff2df5e081e716,,"[{'reaction': '😂', 'maskedReactingUserId': 'f1fb89a150fed986f429eebdbde85620'}]"
,1748015262000.0,{'mimeType': 'audio/ogg; codecs=opus'},72947e94cd87df37172cbeb893d2089d,58d192453a793525df23639422084557,49eeb391065cd399c862c630dff81c5a,,
,1748015296000.0,{'mimeType': 'audio/ogg; codecs=opus'},72947e94cd87df37172cbeb893d2089d,58d192453a793525df23639422084557,0b9762f050d14ab95dfbb3ab45c23e53,['17f023e942948e24224e24fae1318ff6'],"[{'reaction': '😮', 'maskedReactingUserId': '6cedc48259953269a74b64babd8361e8'}]"
@182025596174445 הנה הוא שר המחרבת בשידור ישיר,1748015370000.0,,72947e94cd87df37172cbeb893d2089d,58d192453a793525df23639422084557,12513a1763eddae5284d7b3e5ef39fb6,,
,1748015349000.0,{'mimeType': 'audio/ogg; codecs=opus'},72947e94cd87df37172cbeb893d2089d,58d192453a793525df23639422084557,cc0db2eafd1f793eee0b5750304333b9,['0db85403c8a901dc9b22380f8598c018'],
,1748015412000.0,{'mimeType': 'audio/ogg; codecs=opus'},72947e94cd87df37172cbeb893d2089d,58d192453a793525df23639422084557,9bee5da35e7360a801311a39087f2dcf,"['40ceb61ecf57db2ecabf8f8e5b80119e', 'b3ed20fd8d35ba8436c3d9ad9313467b']",
,1748015535000.0,{'mimeType': 'audio/ogg; codecs=opus'},72947e94cd87df37172cbeb893d2089d,58d192453a793525df23639422084557,b470fcf7e6edbf9b2fd63c2f7f63ce82,['af2da05d6f299ef5dabf78181e34cd86'],"[{'reaction': '😮', 'maskedReactingUserId': '6cedc48259953269a74b64babd8361e8'}]"
,1748015494000.0,{'mimeType': 'audio/ogg; codecs=opus'},72947e94cd87df37172cbeb893d2089d,58d192453a793525df23639422084557,a3b89bedbd8b2d91720d74f6b2d39b21,,"[{'reaction': '😂', 'maskedReactingUserId': 'fc158776d9d0b00abf862191fb054911'}]"
,1748015588000.0,{'mimeType': 'audio/ogg; codecs=opus'},72947e94cd87df37172cbeb893d2089d,58d192453a793525df23639422084557,654d990f5a8026a105d56641f8d876a0,['f42ddaf251131736f9a3a398e856fa0a'],
,1748015626000.0,{'mimeType': 'audio/ogg; codecs=opus'},72947e94cd87df37172cbeb893d2089d,58d192453a793525df23639422084557,a5b0894ef1c29ee9de31f82ad95abd35,['d9be41c35b56886cbe8e7f1a4e07584d'],
,1748015699000.0,{'mimeType': 'audio/ogg; codecs=opus'},72947e94cd87df37172cbeb893d2089d,58d192453a793525df23639422084557,e90f4fcc5289fd178717b9acc9f81ef1,,
,1748015662000.0,{'mimeType': 'audio/ogg; codecs=opus'},72947e94cd87df37172cbeb893d2089d,58d192453a793525df23639422084557,efe94400441c435caf6f30b299458692,,"[{'reaction': '😂', 'maskedReactingUserId': '6cedc48259953269a74b64babd8361e8'}]"
,1748015771000.0,{'mimeType': 'audio/ogg; codecs=opus'},72947e94cd87df37172cbeb893d2089d,58d192453a793525df23639422084557,6c3a569901e03246332bf173779315d2,['9744fdd3bb41a04099b28a38ed024e4d'],
,1748015835000.0,{'mimeType': 'audio/ogg; codecs=opus'},72947e94cd87df37172cbeb893d2089d,58d192453a793525df23639422084557,e86d2d4b3d0dbdb891909e97c46c4f03,['faf81d38376e56d5ddb8930119ac66eb'],
חצילים,1748021126000.0,,72947e94cd87df37172cbeb893d2089d,58d192453a793525df23639422084557,79f71d7f25e6adc71c6e1819a2d94ee3,['8199d432aa1d25c60ddbd34b3c9cc28e'],
,1748021308000.0,{'mimeType': 'image/jpeg'},72947e94cd87df37172cbeb893d2089d,58d192453a793525df23639422084557,e1d0a985255d5b96009e2f2758cc011b,"['c9a42b18b9c1a04f5cdac5209a42540f', '363550d72499b8a5709413aab6e2afd0']","[{'reaction': '😮', 'maskedReactingUserId': '488b211a7877a2f62bb29eb93d3cfd27'}]"
"כן זו החלה באבא
אבל תבין שאתה קונה אותה ישר במאפייה
תבין לבד",1748021052000.0,,72947e94cd87df37172cbeb893d2089d,58d192453a793525df23639422084557,189dd8f6df3305c692c9d7ba5a6b4e66,,
סילבן יודע להתפנק,1748021138000.0,,72947e94cd87df37172cbeb893d2089d,58d192453a793525df23639422084557,c43c2bdc6b62776f4108dd366bfcfdc8,,
,1748064992000.0,{'mimeType': 'image/webp'},72947e94cd87df37172cbeb893d2089d,58d192453a793525df23639422084557,dbd0f6e2e8f2ddebd33aabda21fb6e9a,,
"נהדר
מחשב מסלול ישנתי כמו דב🫣",1748065032000.0,,72947e94cd87df37172cbeb893d2089d,58d192453a793525df23639422084557,c49c8525b441273b58f49f459625795b,,
בוקר אור אחי,1748064988000.0,,72947e94cd87df37172cbeb893d2089d,58d192453a793525df23639422084557,22a9be310198ea144f49fb0f402356a1,,
,1748064906000.0,{'mimeType': 'image/webp'},72947e94cd87df37172cbeb893d2089d,58d192453a793525df23639422084557,5013edac1cd1e0cbcc76de1fbd49aa71,,
אייל גולן-מוכר קסטות,1748065250000.0,,72947e94cd87df37172cbeb893d2089d,58d192453a793525df23639422084557,090483c0ef111a10e46bc7c7a79b7d85,,
🤣🤣🤣,1748065301000.0,{'mimeType': 'video/mp4'},72947e94cd87df37172cbeb893d2089d,58d192453a793525df23639422084557,676e57fa473dbe65e6e6bdea2ffbde74,,
,1748065249000.0,{'mimeType': 'audio/mp4'},72947e94cd87df37172cbeb893d2089d,58d192453a793525df23639422084557,235c1610d4e22aa684773c8d5e2a7055,,
לאלעד,1748070195000.0,,72947e94cd87df37172cbeb893d2089d,58d192453a793525df23639422084557,81c9f0f3acdab347ee94b902aa3850af,['8396d7a441157322491f6f4b0e70e823'],
בית אריה,1748070221000.0,,72947e94cd87df37172cbeb893d2089d,58d192453a793525df23639422084557,2dffe94bd0fb65da765a0784f8786618,['e1b1d4463ec39b2affab2d90de10427d'],
רגע אני מחפש פה חמור לצלם לכם,1748070495000.0,,72947e94cd87df37172cbeb893d2089d,58d192453a793525df23639422084557,1ea52359c7d4b3c344f5f70a5a78cbf2,,
